date,adj_close,vol
2016-01-04 00:00:00-05:00,39.1,12037200
2016-01-05 00:00:00-05:00,38.72,10514200
2016-01-06 00:00:00-05:00,39.4,12393800
2016-01-07 00:00:00-05:00,38.66,11312900
2016-01-08 00:00:00-05:00,38.58,8853100
2016-01-11 00:00:00-05:00,39.26,15877500
2016-01-12 00:00:00-05:00,40.14,12636000
2016-01-13 00:00:00-05:00,38.32,12718600
2016-01-14 00:00:00-05:00,38.75,11756500
2016-01-15 00:00:00-05:00,37.04,18924800
2016-01-19 00:00:00-05:00,37.14,10505900
2016-01-20 00:00:00-05:00,37.33,16089100
2016-01-21 00:00:00-05:00,38.03,9781700
2016-01-22 00:00:00-05:00,38.38,7247000
2016-01-25 00:00:00-05:00,37.16,10113200
2016-01-26 00:00:00-05:00,37.88,8099000
2016-01-27 00:00:00-05:00,37.93,10186000
2016-01-28 00:00:00-05:00,36.45,17112300
2016-01-29 00:00:00-05:00,37.26,20957500
2016-02-01 00:00:00-05:00,37.63,12023500
2016-02-02 00:00:00-05:00,35.39,12401400
2016-02-03 00:00:00-05:00,35.85,12390500
2016-02-04 00:00:00-05:00,36.52,8599600
2016-02-05 00:00:00-05:00,35.12,10072700
2016-02-08 00:00:00-05:00,34.07,12821900
2016-02-09 00:00:00-05:00,34.68,11143300
2016-02-10 00:00:00-05:00,35.57,8114100
2016-02-11 00:00:00-05:00,34.97,8096000
2016-02-12 00:00:00-05:00,36.24,9412800
2016-02-16 00:00:00-05:00,37.0,7147500
2016-02-17 00:00:00-05:00,37.7,8432500
2016-02-18 00:00:00-05:00,37.89,9605800
2016-02-19 00:00:00-05:00,38.1,11052400
2016-02-22 00:00:00-05:00,39.14,9997300
2016-02-23 00:00:00-05:00,38.69,6432200
2016-02-24 00:00:00-05:00,38.96,6103700
2016-02-25 00:00:00-05:00,39.63,6936400
2016-02-26 00:00:00-05:00,39.16,7467200
2016-02-29 00:00:00-05:00,39.29,5791300
2016-03-01 00:00:00-05:00,40.08,7885800
2016-03-02 00:00:00-05:00,39.85,7913700
2016-03-03 00:00:00-05:00,40.13,8812800
2016-03-04 00:00:00-05:00,39.89,9474100
2016-03-07 00:00:00-05:00,40.37,6959700
2016-03-08 00:00:00-05:00,39.07,8418300
2016-03-09 00:00:00-05:00,39.91,8546300
2016-03-10 00:00:00-05:00,39.89,5814200
2016-03-11 00:00:00-05:00,40.7,5701500
2016-03-14 00:00:00-04:00,40.81,4568000
2016-03-15 00:00:00-04:00,40.35,4445400
2016-03-16 00:00:00-04:00,40.54,4792900
2016-03-17 00:00:00-04:00,40.34,5960600
2016-03-18 00:00:00-04:00,41.63,13746000
2016-03-21 00:00:00-04:00,41.66,4756400
2016-03-22 00:00:00-04:00,40.97,6721600
2016-03-23 00:00:00-04:00,40.17,9583400
2016-03-24 00:00:00-04:00,38.81,12515100
2016-03-28 00:00:00-04:00,39.2,6402800
2016-03-29 00:00:00-04:00,39.62,6794000
2016-03-30 00:00:00-04:00,39.65,6076800
2016-03-31 00:00:00-04:00,39.3,8138000
2016-04-01 00:00:00-04:00,37.87,11244100
2016-04-04 00:00:00-04:00,37.73,7831200
2016-04-05 00:00:00-04:00,37.3,7648400
2016-04-06 00:00:00-04:00,37.28,5650000
2016-04-07 00:00:00-04:00,36.76,8206700
2016-04-08 00:00:00-04:00,36.89,6087400
2016-04-11 00:00:00-04:00,37.11,7932300
2016-04-12 00:00:00-04:00,37.55,6426000
2016-04-13 00:00:00-04:00,38.27,12493500
2016-04-14 00:00:00-04:00,39.45,10133400
2016-04-15 00:00:00-04:00,39.2,6982200
2016-04-18 00:00:00-04:00,39.21,5245700
2016-04-19 00:00:00-04:00,39.61,6650200
2016-04-20 00:00:00-04:00,39.54,5018200
2016-04-21 00:00:00-04:00,38.34,10782600
2016-04-22 00:00:00-04:00,36.61,20939500
2016-04-25 00:00:00-04:00,35.46,12670100
2016-04-26 00:00:00-04:00,35.38,14692700
2016-04-27 00:00:00-04:00,35.18,12305000
2016-04-28 00:00:00-04:00,34.47,9836800
2016-04-29 00:00:00-04:00,33.24,17807200
2016-05-02 00:00:00-04:00,33.09,8829800
2016-05-03 00:00:00-04:00,33.23,10674200
2016-05-04 00:00:00-04:00,31.92,13412400
2016-05-05 00:00:00-04:00,31.53,11606100
2016-05-06 00:00:00-04:00,31.74,12749100
2016-05-09 00:00:00-04:00,31.66,9312500
2016-05-10 00:00:00-04:00,32.45,8124400
2016-05-11 00:00:00-04:00,31.58,8148600
2016-05-12 00:00:00-04:00,30.11,14228200
2016-05-13 00:00:00-04:00,30.28,10132500
2016-05-16 00:00:00-04:00,30.87,12397800
2016-05-17 00:00:00-04:00,31.37,13303400
2016-05-18 00:00:00-04:00,31.34,9136300
2016-05-19 00:00:00-04:00,30.9,8875400
2016-05-20 00:00:00-04:00,30.76,7278000
2016-05-23 00:00:00-04:00,30.49,6498400
2016-05-24 00:00:00-04:00,30.9,6962700
2016-05-25 00:00:00-04:00,30.92,7401800
2016-05-26 00:00:00-04:00,30.28,7222800
2016-05-27 00:00:00-04:00,30.42,8573700
2016-05-31 00:00:00-04:00,30.67,9618700
2016-06-01 00:00:00-04:00,30.7,6415500
2016-06-02 00:00:00-04:00,30.44,6813300
2016-06-03 00:00:00-04:00,29.61,12424100
2016-06-06 00:00:00-04:00,30.04,8335400
2016-06-07 00:00:00-04:00,31.1,12424200
2016-06-08 00:00:00-04:00,31.24,8173100
2016-06-09 00:00:00-04:00,32.1,8188300
2016-06-10 00:00:00-04:00,31.85,8252300
2016-06-13 00:00:00-04:00,30.56,9225600
2016-06-14 00:00:00-04:00,29.18,13802900
2016-06-15 00:00:00-04:00,29.3,8152300
2016-06-16 00:00:00-04:00,28.0,18236700
2016-06-17 00:00:00-04:00,28.2,15301900
2016-06-20 00:00:00-04:00,28.55,8359300
2016-06-21 00:00:00-04:00,28.85,8922900
2016-06-22 00:00:00-04:00,28.72,6675900
2016-06-23 00:00:00-04:00,29.15,9139900
2016-06-24 00:00:00-04:00,26.0,36049900
2016-06-27 00:00:00-04:00,24.29,23170100
2016-06-28 00:00:00-04:00,25.73,20026100
2016-06-29 00:00:00-04:00,26.62,15008800
2016-06-30 00:00:00-04:00,27.21,11148300
2016-07-01 00:00:00-04:00,28.19,13250000
2016-07-05 00:00:00-04:00,27.8,9467000
2016-07-06 00:00:00-04:00,27.25,18757500
2016-07-07 00:00:00-04:00,28.25,11779800
2016-07-08 00:00:00-04:00,28.87,13659300
2016-07-11 00:00:00-04:00,29.95,12374400
2016-07-12 00:00:00-04:00,33.31,25515700
2016-07-13 00:00:00-04:00,33.11,15215100
2016-07-14 00:00:00-04:00,34.48,16884400
2016-07-15 00:00:00-04:00,34.49,9817100
2016-07-18 00:00:00-04:00,34.63,8606800
2016-07-19 00:00:00-04:00,34.61,7956300
2016-07-20 00:00:00-04:00,34.52,13098400
2016-07-21 00:00:00-04:00,33.6,16429900
2016-07-22 00:00:00-04:00,34.94,14704700
2016-07-25 00:00:00-04:00,34.4,9526700
2016-07-26 00:00:00-04:00,35.13,8871200
2016-07-27 00:00:00-04:00,34.79,6671200
2016-07-28 00:00:00-04:00,34.92,6518800
2016-07-29 00:00:00-04:00,34.12,9138600
2016-08-01 00:00:00-04:00,34.21,7059000
2016-08-02 00:00:00-04:00,32.2,12100400
2016-08-03 00:00:00-04:00,32.27,8254200
2016-08-04 00:00:00-04:00,32.37,6384700
2016-08-05 00:00:00-04:00,33.2,16437200
2016-08-08 00:00:00-04:00,33.11,7142400
2016-08-09 00:00:00-04:00,33.34,7307200
2016-08-10 00:00:00-04:00,32.95,5878400
2016-08-11 00:00:00-04:00,33.7,7665900
2016-08-12 00:00:00-04:00,33.66,6063900
2016-08-15 00:00:00-04:00,34.58,7137200
2016-08-16 00:00:00-04:00,35.42,9385000
2016-08-17 00:00:00-04:00,35.28,8002000
2016-08-18 00:00:00-04:00,35.35,5292900
2016-08-19 00:00:00-04:00,35.17,6675300
2016-08-22 00:00:00-04:00,34.7,5189400
2016-08-23 00:00:00-04:00,35.09,5401700
2016-08-24 00:00:00-04:00,35.33,5945800
2016-08-25 00:00:00-04:00,35.39,5446000
2016-08-26 00:00:00-04:00,34.92,6257700
2016-08-29 00:00:00-04:00,34.86,4760700
2016-08-30 00:00:00-04:00,35.71,14509300
2016-08-31 00:00:00-04:00,34.99,13111700
2016-09-01 00:00:00-04:00,34.93,6940600
2016-09-02 00:00:00-04:00,35.21,5429100
2016-09-06 00:00:00-04:00,35.63,5501700
2016-09-07 00:00:00-04:00,37.35,13775000
2016-09-08 00:00:00-04:00,37.93,7101500
2016-09-09 00:00:00-04:00,37.1,8623600
2016-09-12 00:00:00-04:00,36.96,11959800
2016-09-13 00:00:00-04:00,36.02,9330300
2016-09-14 00:00:00-04:00,35.08,8051800
2016-09-15 00:00:00-04:00,35.1,7793900
2016-09-16 00:00:00-04:00,34.21,10724800
2016-09-19 00:00:00-04:00,34.16,5422300
2016-09-20 00:00:00-04:00,33.88,6666500
2016-09-21 00:00:00-04:00,33.42,10408200
2016-09-22 00:00:00-04:00,33.98,7438700
2016-09-23 00:00:00-04:00,34.27,4603200
2016-09-26 00:00:00-04:00,33.67,7353500
2016-09-27 00:00:00-04:00,34.7,5068900
2016-09-28 00:00:00-04:00,34.55,6291600
2016-09-29 00:00:00-04:00,34.53,6182700
2016-09-30 00:00:00-04:00,35.29,7429300
2016-10-03 00:00:00-04:00,36.34,8878900
2016-10-04 00:00:00-04:00,36.27,9065600
2016-10-05 00:00:00-04:00,36.5,4713100
2016-10-06 00:00:00-04:00,36.79,5160200
2016-10-07 00:00:00-04:00,36.37,5133200
2016-10-10 00:00:00-04:00,37.49,6939900
2016-10-11 00:00:00-04:00,36.82,10034700
2016-10-12 00:00:00-04:00,36.03,7410000
2016-10-13 00:00:00-04:00,37.82,14773300
2016-10-14 00:00:00-04:00,37.25,8871200
2016-10-17 00:00:00-04:00,37.19,5602000
2016-10-18 00:00:00-04:00,37.93,10538200
2016-10-19 00:00:00-04:00,39.16,12764200
2016-10-20 00:00:00-04:00,39.12,14695900
2016-10-21 00:00:00-04:00,38.46,9981500
2016-10-24 00:00:00-04:00,38.39,6466300
2016-10-25 00:00:00-04:00,38.26,6019900
2016-10-26 00:00:00-04:00,37.9,10112300
2016-10-27 00:00:00-04:00,38.47,6542100
2016-10-28 00:00:00-04:00,38.61,6710700
2016-10-31 00:00:00-04:00,39.13,5961100
2016-11-01 00:00:00-04:00,38.36,9028700
2016-11-02 00:00:00-04:00,38.28,5274500
2016-11-03 00:00:00-04:00,38.05,6006500
2016-11-04 00:00:00-04:00,38.4,6717500
2016-11-07 00:00:00-05:00,40.09,8334200
2016-11-08 00:00:00-05:00,40.3,5725800
2016-11-09 00:00:00-05:00,40.98,8392100
2016-11-10 00:00:00-05:00,40.88,8665900
2016-11-11 00:00:00-05:00,41.48,6623500
2016-11-14 00:00:00-05:00,41.94,7773600
2016-11-15 00:00:00-05:00,43.25,13166600
2016-11-16 00:00:00-05:00,42.95,6167000
2016-11-17 00:00:00-05:00,44.29,8558700
2016-11-18 00:00:00-05:00,44.7,7795100
2016-11-21 00:00:00-05:00,44.53,6651400
2016-11-22 00:00:00-05:00,44.53,5780600
2016-11-23 00:00:00-05:00,44.78,5160200
2016-11-25 00:00:00-05:00,45.24,2426600
2016-11-28 00:00:00-05:00,44.93,7369600
2016-11-29 00:00:00-05:00,45.31,4885400
2016-11-30 00:00:00-05:00,44.88,7904200
2016-12-01 00:00:00-05:00,44.21,7435200
2016-12-02 00:00:00-05:00,44.55,6505100
2016-12-05 00:00:00-05:00,44.18,5256400
2016-12-06 00:00:00-05:00,44.87,5334500
2016-12-07 00:00:00-05:00,47.01,10210300
2016-12-08 00:00:00-05:00,46.43,6240000
2016-12-09 00:00:00-05:00,47.97,9850800
2016-12-12 00:00:00-05:00,45.99,8643500
2016-12-13 00:00:00-05:00,46.23,6147700
2016-12-14 00:00:00-05:00,46.31,5293900
2016-12-15 00:00:00-05:00,46.67,7530800
2016-12-16 00:00:00-05:00,46.03,9299700
2016-12-19 00:00:00-05:00,46.94,4729900
2016-12-20 00:00:00-05:00,47.56,4814600
2016-12-21 00:00:00-05:00,47.8,3827900
2016-12-22 00:00:00-05:00,47.05,3618700
2016-12-23 00:00:00-05:00,46.85,2914800
2016-12-27 00:00:00-05:00,46.97,2797800
2016-12-28 00:00:00-05:00,46.07,4153600
2016-12-29 00:00:00-05:00,45.66,3709300
2016-12-30 00:00:00-05:00,45.12,4495000
2017-01-03 00:00:00-05:00,44.74,6737800
2017-01-04 00:00:00-05:00,45.13,5859600
2017-01-05 00:00:00-05:00,44.35,6825300
2017-01-06 00:00:00-05:00,44.65,7260200
2017-01-09 00:00:00-05:00,45.49,4739100
2017-01-10 00:00:00-05:00,46.85,7483800
2017-01-11 00:00:00-05:00,47.0,6925800
2017-01-12 00:00:00-05:00,46.48,5447300
2017-01-13 00:00:00-05:00,46.05,3541700
2017-01-17 00:00:00-05:00,45.18,5350800
2017-01-18 00:00:00-05:00,46.04,5176500
2017-01-19 00:00:00-05:00,45.67,3729300
2017-01-20 00:00:00-05:00,46.38,5611800
2017-01-23 00:00:00-05:00,45.36,4284200
2017-01-24 00:00:00-05:00,45.94,4926700
2017-01-25 00:00:00-05:00,46.3,5075800
2017-01-26 00:00:00-05:00,47.92,10332800
2017-01-27 00:00:00-05:00,45.37,19411100
2017-01-30 00:00:00-05:00,43.39,16786100
2017-01-31 00:00:00-05:00,42.76,11719800
2017-02-01 00:00:00-05:00,42.57,7955500
2017-02-02 00:00:00-05:00,42.53,7607700
2017-02-03 00:00:00-05:00,42.71,6357900
2017-02-06 00:00:00-05:00,43.77,6496100
2017-02-07 00:00:00-05:00,43.65,6120000
2017-02-08 00:00:00-05:00,43.54,4329900
2017-02-09 00:00:00-05:00,44.84,7089900
2017-02-10 00:00:00-05:00,44.99,4040600
2017-02-13 00:00:00-05:00,45.92,6158600
2017-02-14 00:00:00-05:00,45.1,6271700
2017-02-15 00:00:00-05:00,46.04,8394800
2017-02-16 00:00:00-05:00,45.49,5681800
2017-02-17 00:00:00-05:00,45.43,4581600
2017-02-21 00:00:00-05:00,45.33,4672000
2017-02-22 00:00:00-05:00,44.86,5799600
2017-02-23 00:00:00-05:00,44.65,5247000
2017-02-24 00:00:00-05:00,44.82,4489600
2017-02-27 00:00:00-05:00,44.86,4130500
2017-02-28 00:00:00-05:00,44.9,4935600
2017-03-01 00:00:00-05:00,45.61,8278900
2017-03-02 00:00:00-05:00,44.28,7590700
2017-03-03 00:00:00-05:00,45.34,7256900
2017-03-06 00:00:00-05:00,43.88,11336600
2017-03-07 00:00:00-05:00,43.43,4565300
2017-03-08 00:00:00-05:00,43.48,5520400
2017-03-09 00:00:00-05:00,41.96,9330100
2017-03-10 00:00:00-05:00,42.52,6842300
2017-03-13 00:00:00-04:00,41.03,8882300
2017-03-14 00:00:00-04:00,39.91,10208500
2017-03-15 00:00:00-04:00,40.76,13986200
2017-03-16 00:00:00-04:00,40.8,7058300
2017-03-17 00:00:00-04:00,40.41,10185800
2017-03-20 00:00:00-04:00,40.39,6229800
2017-03-21 00:00:00-04:00,39.15,7938700
2017-03-22 00:00:00-04:00,39.08,9943000
2017-03-23 00:00:00-04:00,40.1,9516600
2017-03-24 00:00:00-04:00,40.41,6596600
2017-03-27 00:00:00-04:00,40.42,6050500
2017-03-28 00:00:00-04:00,41.26,6185800
2017-03-29 00:00:00-04:00,40.64,5331400
2017-03-30 00:00:00-04:00,41.2,3681400
2017-03-31 00:00:00-04:00,40.97,5427700
2017-04-03 00:00:00-04:00,41.11,5764700
2017-04-04 00:00:00-04:00,39.61,7254700
2017-04-05 00:00:00-04:00,40.01,7012700
2017-04-06 00:00:00-04:00,40.41,3627600
2017-04-07 00:00:00-04:00,40.49,4137000
2017-04-10 00:00:00-04:00,40.99,4650500
2017-04-11 00:00:00-04:00,42.55,10269600
2017-04-12 00:00:00-04:00,42.57,9991100
2017-04-13 00:00:00-04:00,41.98,5504900
2017-04-17 00:00:00-04:00,42.84,4563200
2017-04-18 00:00:00-04:00,42.43,5808900
2017-04-19 00:00:00-04:00,43.0,6573400
2017-04-20 00:00:00-04:00,43.79,4956500
2017-04-21 00:00:00-04:00,43.73,5536000
2017-04-24 00:00:00-04:00,44.98,6335300
2017-04-25 00:00:00-04:00,45.14,5960600
2017-04-26 00:00:00-04:00,44.94,6027600
2017-04-27 00:00:00-04:00,42.59,18988600
2017-04-28 00:00:00-04:00,41.28,13358000
2017-05-01 00:00:00-04:00,40.75,8591400
2017-05-02 00:00:00-04:00,42.49,9402500
2017-05-03 00:00:00-04:00,42.54,5144300
2017-05-04 00:00:00-04:00,42.53,4476100
2017-05-05 00:00:00-04:00,43.11,5462800
2017-05-08 00:00:00-04:00,43.52,6190700
2017-05-09 00:00:00-04:00,45.6,11116800
2017-05-10 00:00:00-04:00,45.81,7379800
2017-05-11 00:00:00-04:00,45.07,6086300
2017-05-12 00:00:00-04:00,44.48,3888700
2017-05-15 00:00:00-04:00,45.31,5534500
2017-05-16 00:00:00-04:00,45.56,4627800
2017-05-17 00:00:00-04:00,43.6,6906700
2017-05-18 00:00:00-04:00,43.34,6626700
2017-05-19 00:00:00-04:00,43.89,6736700
2017-05-22 00:00:00-04:00,44.85,4428600
2017-05-23 00:00:00-04:00,45.29,3008500
2017-05-24 00:00:00-04:00,45.39,3885100
2017-05-25 00:00:00-04:00,46.61,5441800
2017-05-26 00:00:00-04:00,47.31,5979300
2017-05-30 00:00:00-04:00,46.55,5512900
2017-05-31 00:00:00-04:00,46.99,4486100
2017-06-01 00:00:00-04:00,47.61,4421400
2017-06-02 00:00:00-04:00,48.06,7708600
2017-06-05 00:00:00-04:00,48.28,5466700
2017-06-06 00:00:00-04:00,48.28,4473500
2017-06-07 00:00:00-04:00,49.36,7078400
2017-06-08 00:00:00-04:00,49.92,6544300
2017-06-09 00:00:00-04:00,48.79,7204300
2017-06-12 00:00:00-04:00,48.02,8597900
2017-06-13 00:00:00-04:00,47.99,5153300
2017-06-14 00:00:00-04:00,47.94,4027800
2017-06-15 00:00:00-04:00,47.66,4579600
2017-06-16 00:00:00-04:00,47.35,6622100
2017-06-19 00:00:00-04:00,48.2,4104300
2017-06-20 00:00:00-04:00,46.62,6035100
2017-06-21 00:00:00-04:00,47.0,3469500
2017-06-22 00:00:00-04:00,47.53,9792100
2017-06-23 00:00:00-04:00,47.2,12682000
2017-06-26 00:00:00-04:00,47.34,3992900
2017-06-27 00:00:00-04:00,47.07,4264400
2017-06-28 00:00:00-04:00,47.8,4259700
2017-06-29 00:00:00-04:00,48.16,6170100
2017-06-30 00:00:00-04:00,48.84,6618700
2017-07-03 00:00:00-04:00,48.91,2906500
2017-07-05 00:00:00-04:00,49.75,5157500
2017-07-06 00:00:00-04:00,50.52,7021400
2017-07-07 00:00:00-04:00,51.47,6597000
2017-07-10 00:00:00-04:00,51.11,4600000
2017-07-11 00:00:00-04:00,50.09,4545700
2017-07-12 00:00:00-04:00,52.22,8348400
2017-07-13 00:00:00-04:00,52.23,5346700
2017-07-14 00:00:00-04:00,52.62,4537900
2017-07-17 00:00:00-04:00,52.28,3727400
2017-07-18 00:00:00-04:00,51.59,4101400
2017-07-19 00:00:00-04:00,51.06,5774700
2017-07-20 00:00:00-04:00,50.8,4836200
2017-07-21 00:00:00-04:00,50.38,4544400
2017-07-24 00:00:00-04:00,49.77,4876400
2017-07-25 00:00:00-04:00,49.12,4484900
2017-07-26 00:00:00-04:00,49.51,4776100
2017-07-27 00:00:00-04:00,48.53,10260300
2017-07-28 00:00:00-04:00,49.0,9153400
2017-07-31 00:00:00-04:00,48.96,6062900
2017-08-01 00:00:00-04:00,49.56,5045300
2017-08-02 00:00:00-04:00,48.97,4679700
2017-08-03 00:00:00-04:00,49.06,3231400
2017-08-04 00:00:00-04:00,49.3,2993500
2017-08-07 00:00:00-04:00,49.09,3016700
2017-08-08 00:00:00-04:00,48.53,4274400
2017-08-09 00:00:00-04:00,47.95,5020800
2017-08-10 00:00:00-04:00,47.22,5441400
2017-08-11 00:00:00-04:00,47.02,5610700
2017-08-14 00:00:00-04:00,47.47,2996500
2017-08-15 00:00:00-04:00,47.19,3149600
2017-08-16 00:00:00-04:00,47.08,4187300
2017-08-17 00:00:00-04:00,44.77,10304200
2017-08-18 00:00:00-04:00,44.3,6242800
2017-08-21 00:00:00-04:00,44.45,4353900
2017-08-22 00:00:00-04:00,44.16,4019700
2017-08-23 00:00:00-04:00,42.76,8159200
2017-08-24 00:00:00-04:00,41.74,7057500
2017-08-25 00:00:00-04:00,44.01,11738400
2017-08-28 00:00:00-04:00,43.72,6969300
2017-08-29 00:00:00-04:00,43.34,5195100
2017-08-30 00:00:00-04:00,43.1,5472600
2017-08-31 00:00:00-04:00,43.51,3799600
2017-09-01 00:00:00-04:00,44.07,4569400
2017-09-05 00:00:00-04:00,42.71,8501600
2017-09-06 00:00:00-04:00,43.09,8796700
2017-09-07 00:00:00-04:00,42.64,5095000
2017-09-08 00:00:00-04:00,42.4,4684600
2017-09-11 00:00:00-04:00,44.6,7921600
2017-09-12 00:00:00-04:00,45.02,6325100
2017-09-13 00:00:00-04:00,45.71,7288200
2017-09-14 00:00:00-04:00,44.92,5360500
2017-09-15 00:00:00-04:00,44.74,14846200
2017-09-18 00:00:00-04:00,44.07,4601200
2017-09-19 00:00:00-04:00,43.16,6884600
2017-09-20 00:00:00-04:00,44.17,4708100
2017-09-21 00:00:00-04:00,45.02,5864400
2017-09-22 00:00:00-04:00,45.77,5342000
2017-09-25 00:00:00-04:00,46.39,6363200
2017-09-26 00:00:00-04:00,46.27,4706000
2017-09-27 00:00:00-04:00,45.56,6183200
2017-09-28 00:00:00-04:00,46.19,8367800
2017-09-29 00:00:00-04:00,46.19,4904300
2017-10-02 00:00:00-04:00,46.42,4911700
2017-10-03 00:00:00-04:00,49.12,10261800
2017-10-04 00:00:00-04:00,49.34,7454500
2017-10-05 00:00:00-04:00,49.17,4212300
2017-10-06 00:00:00-04:00,49.89,4240500
2017-10-09 00:00:00-04:00,49.21,3691500
2017-10-10 00:00:00-04:00,51.57,9387100
2017-10-11 00:00:00-04:00,51.38,5396800
2017-10-12 00:00:00-04:00,51.2,2942800
2017-10-13 00:00:00-04:00,51.25,2960300
2017-10-16 00:00:00-04:00,50.83,3262300
2017-10-17 00:00:00-04:00,50.64,3651200
2017-10-18 00:00:00-04:00,50.6,2542400
2017-10-19 00:00:00-04:00,50.1,7568200
2017-10-20 00:00:00-04:00,50.5,3643400
2017-10-23 00:00:00-04:00,49.58,3456500
2017-10-24 00:00:00-04:00,50.52,3654900
2017-10-25 00:00:00-04:00,49.62,4658300
2017-10-26 00:00:00-04:00,47.28,12079000
2017-10-27 00:00:00-04:00,46.25,8591500
2017-10-30 00:00:00-04:00,45.95,5402500
2017-10-31 00:00:00-04:00,45.53,4596600
2017-11-01 00:00:00-04:00,46.53,4354500
2017-11-02 00:00:00-04:00,46.06,2410700
2017-11-03 00:00:00-04:00,46.15,4037100
2017-11-06 00:00:00-05:00,46.21,4249500
2017-11-07 00:00:00-05:00,45.18,3756400
2017-11-08 00:00:00-05:00,45.1,3198800
2017-11-09 00:00:00-05:00,44.51,3561500
2017-11-10 00:00:00-05:00,44.66,2433000
2017-11-13 00:00:00-05:00,44.58,1772400
2017-11-14 00:00:00-05:00,44.65,1827100
2017-11-15 00:00:00-05:00,45.99,5223100
2017-11-16 00:00:00-05:00,46.47,4461400
2017-11-17 00:00:00-05:00,46.19,2324800
2017-11-20 00:00:00-05:00,46.48,2436000
2017-11-21 00:00:00-05:00,47.42,2796200
2017-11-22 00:00:00-05:00,47.43,2326900
2017-11-24 00:00:00-05:00,47.33,1352400
2017-11-27 00:00:00-05:00,47.19,2630800
2017-11-28 00:00:00-05:00,47.97,3864100
2017-11-29 00:00:00-05:00,48.0,8154200
2017-11-30 00:00:00-05:00,49.21,6016200
2017-12-01 00:00:00-05:00,47.76,6229600
2017-12-04 00:00:00-05:00,48.67,7113800
2017-12-05 00:00:00-05:00,48.22,3594000
2017-12-06 00:00:00-05:00,48.35,2835500
2017-12-07 00:00:00-05:00,49.59,3047000
2017-12-08 00:00:00-05:00,49.73,3817900
2017-12-11 00:00:00-05:00,50.0,2835600
2017-12-12 00:00:00-05:00,49.19,2798200
2017-12-13 00:00:00-05:00,48.82,3035200
2017-12-14 00:00:00-05:00,48.94,4503100
2017-12-15 00:00:00-05:00,49.77,9074200
2017-12-18 00:00:00-05:00,50.19,3235900
2017-12-19 00:00:00-05:00,50.14,3019800
2017-12-20 00:00:00-05:00,50.6,5172800
2017-12-21 00:00:00-05:00,51.45,7125900
2017-12-22 00:00:00-05:00,51.26,2425100
2017-12-26 00:00:00-05:00,51.51,2774000
2017-12-27 00:00:00-05:00,51.07,2831400
2017-12-28 00:00:00-05:00,51.13,1845300
2017-12-29 00:00:00-05:00,50.71,2696300
2018-01-02 00:00:00-05:00,51.65,4084700
2018-01-03 00:00:00-05:00,51.01,5074900
2018-01-04 00:00:00-05:00,51.34,3557100
2018-01-05 00:00:00-05:00,51.32,2967800
2018-01-08 00:00:00-05:00,50.81,3515800
2018-01-09 00:00:00-05:00,50.76,3426000
2018-01-10 00:00:00-05:00,52.42,7655800
2018-01-11 00:00:00-05:00,54.99,11339900
2018-01-12 00:00:00-05:00,56.99,7505800
2018-01-16 00:00:00-05:00,56.51,5283900
2018-01-17 00:00:00-05:00,56.69,3148900
2018-01-18 00:00:00-05:00,56.86,3969100
2018-01-19 00:00:00-05:00,56.59,3151200
2018-01-22 00:00:00-05:00,56.63,3553900
2018-01-23 00:00:00-05:00,56.81,3337000
2018-01-24 00:00:00-05:00,53.4,16348500
2018-01-25 00:00:00-05:00,51.71,10223100
2018-01-26 00:00:00-05:00,51.73,7066100
2018-01-29 00:00:00-05:00,51.35,5953700
2018-01-30 00:00:00-05:00,51.26,4741800
2018-01-31 00:00:00-05:00,52.94,5962900
2018-02-01 00:00:00-05:00,52.52,3623100
2018-02-02 00:00:00-05:00,50.78,5109400
2018-02-05 00:00:00-05:00,48.59,6878300
2018-02-06 00:00:00-05:00,49.98,6782500
2018-02-07 00:00:00-05:00,50.19,4845800
2018-02-08 00:00:00-05:00,47.46,5995100
2018-02-09 00:00:00-05:00,47.23,6837800
2018-02-12 00:00:00-05:00,48.91,5437800
2018-02-13 00:00:00-05:00,49.68,3758000
2018-02-14 00:00:00-05:00,49.87,4983200
2018-02-15 00:00:00-05:00,50.46,3140800
2018-02-16 00:00:00-05:00,50.37,3891300
2018-02-20 00:00:00-05:00,50.51,3379700
2018-02-21 00:00:00-05:00,51.54,5396700
2018-02-22 00:00:00-05:00,51.74,4356700
2018-02-23 00:00:00-05:00,52.14,3394700
2018-02-26 00:00:00-05:00,53.71,4962100
2018-02-27 00:00:00-05:00,52.99,4878400
2018-02-28 00:00:00-05:00,52.98,4343800
2018-03-01 00:00:00-05:00,52.23,5895600
2018-03-02 00:00:00-05:00,51.93,4918200
2018-03-05 00:00:00-05:00,51.94,3974800
2018-03-06 00:00:00-05:00,52.31,4273800
2018-03-07 00:00:00-05:00,52.84,3216900
2018-03-08 00:00:00-05:00,53.5,4189500
2018-03-09 00:00:00-05:00,54.75,3468900
2018-03-12 00:00:00-04:00,55.17,3256400
2018-03-13 00:00:00-04:00,54.91,4361800
2018-03-14 00:00:00-04:00,53.98,4267000
2018-03-15 00:00:00-04:00,53.88,2980500
2018-03-16 00:00:00-04:00,54.1,4574400
2018-03-19 00:00:00-04:00,53.34,3834300
2018-03-20 00:00:00-04:00,54.02,2555600
2018-03-21 00:00:00-04:00,52.82,4811600
2018-03-22 00:00:00-04:00,51.08,4871300
2018-03-23 00:00:00-04:00,49.81,3966000
2018-03-26 00:00:00-04:00,50.64,3210500
2018-03-27 00:00:00-04:00,49.71,2940700
2018-03-28 00:00:00-04:00,49.66,4177500
2018-03-29 00:00:00-04:00,50.74,3074100
2018-04-02 00:00:00-04:00,48.61,4185800
2018-04-03 00:00:00-04:00,50.26,3863300
2018-04-04 00:00:00-04:00,50.82,3955000
2018-04-05 00:00:00-04:00,50.92,3060900
2018-04-06 00:00:00-04:00,49.11,4302600
2018-04-09 00:00:00-04:00,48.65,4330100
2018-04-10 00:00:00-04:00,46.35,12805000
2018-04-11 00:00:00-04:00,44.33,10151100
2018-04-12 00:00:00-04:00,45.48,7040400
2018-04-13 00:00:00-04:00,44.79,5226300
2018-04-16 00:00:00-04:00,45.31,4516300
2018-04-17 00:00:00-04:00,44.68,6961100
2018-04-18 00:00:00-04:00,46.64,9170700
2018-04-19 00:00:00-04:00,45.78,5759300
2018-04-20 00:00:00-04:00,45.68,5344700
2018-04-23 00:00:00-04:00,45.58,4221700
2018-04-24 00:00:00-04:00,44.62,3954300
2018-04-25 00:00:00-04:00,44.19,7847600
2018-04-26 00:00:00-04:00,41.38,20517300
2018-04-27 00:00:00-04:00,42.38,6955200
2018-04-30 00:00:00-04:00,41.92,6472900
2018-05-01 00:00:00-04:00,42.34,5341200
2018-05-02 00:00:00-04:00,41.25,6314400
2018-05-03 00:00:00-04:00,41.12,4700500
2018-05-04 00:00:00-04:00,41.85,5540900
2018-05-07 00:00:00-04:00,41.54,5331000
2018-05-08 00:00:00-04:00,42.09,7766600
2018-05-09 00:00:00-04:00,40.62,8273700
2018-05-10 00:00:00-04:00,41.15,7931600
2018-05-11 00:00:00-04:00,41.7,6066700
2018-05-14 00:00:00-04:00,41.56,4201600
2018-05-15 00:00:00-04:00,42.28,6909600
2018-05-16 00:00:00-04:00,43.13,7493600
2018-05-17 00:00:00-04:00,42.71,5334100
2018-05-18 00:00:00-04:00,42.46,4216100
2018-05-21 00:00:00-04:00,43.34,4930200
2018-05-22 00:00:00-04:00,41.97,6892400
2018-05-23 00:00:00-04:00,41.89,3915900
2018-05-24 00:00:00-04:00,42.64,3855300
2018-05-25 00:00:00-04:00,43.96,6517300
2018-05-29 00:00:00-04:00,42.67,4531800
2018-05-30 00:00:00-04:00,42.38,5457900
2018-05-31 00:00:00-04:00,42.62,8540100
2018-06-01 00:00:00-04:00,43.07,5472300
2018-06-04 00:00:00-04:00,43.91,5685200
2018-06-05 00:00:00-04:00,43.24,4975300
2018-06-06 00:00:00-04:00,43.25,6502500
2018-06-07 00:00:00-04:00,42.91,3729000
2018-06-08 00:00:00-04:00,42.2,6273000
2018-06-11 00:00:00-04:00,43.22,6440700
2018-06-12 00:00:00-04:00,42.49,5204600
2018-06-13 00:00:00-04:00,42.01,5989000
2018-06-14 00:00:00-04:00,42.17,4019300
2018-06-15 00:00:00-04:00,41.86,7032000
2018-06-18 00:00:00-04:00,41.54,5372100
2018-06-19 00:00:00-04:00,40.63,5575300
2018-06-20 00:00:00-04:00,41.14,4930600
2018-06-21 00:00:00-04:00,40.61,5025300
2018-06-22 00:00:00-04:00,40.47,9115100
2018-06-25 00:00:00-04:00,38.84,7126400
2018-06-26 00:00:00-04:00,38.26,6037400
2018-06-27 00:00:00-04:00,37.45,7391600
2018-06-28 00:00:00-04:00,37.39,7909700
2018-06-29 00:00:00-04:00,37.16,6032100
2018-07-02 00:00:00-04:00,37.55,3363500
2018-07-03 00:00:00-04:00,36.95,5645300
2018-07-05 00:00:00-04:00,37.19,6181500
2018-07-06 00:00:00-04:00,37.28,3695000
2018-07-09 00:00:00-04:00,38.48,4530400
2018-07-10 00:00:00-04:00,38.29,4910000
2018-07-11 00:00:00-04:00,35.2,24894200
2018-07-12 00:00:00-04:00,35.56,12226300
2018-07-13 00:00:00-04:00,36.33,10829800
2018-07-16 00:00:00-04:00,36.49,5358400
2018-07-17 00:00:00-04:00,36.59,6274400
2018-07-18 00:00:00-04:00,37.56,10297400
2018-07-19 00:00:00-04:00,37.32,4985200
2018-07-20 00:00:00-04:00,37.08,5302700
2018-07-23 00:00:00-04:00,37.23,4697300
2018-07-24 00:00:00-04:00,36.66,6415100
2018-07-25 00:00:00-04:00,37.38,7336300
2018-07-26 00:00:00-04:00,39.17,12832300
2018-07-27 00:00:00-04:00,38.85,8445100
2018-07-30 00:00:00-04:00,38.14,5746200
2018-07-31 00:00:00-04:00,38.7,5761100
2018-08-01 00:00:00-04:00,37.33,7080700
2018-08-02 00:00:00-04:00,37.13,5920700
2018-08-03 00:00:00-04:00,37.61,3975100
2018-08-06 00:00:00-04:00,37.69,3339900
2018-08-07 00:00:00-04:00,37.55,6427100
2018-08-08 00:00:00-04:00,37.67,3886500
2018-08-09 00:00:00-04:00,37.21,3699400
2018-08-10 00:00:00-04:00,36.57,7481700
2018-08-13 00:00:00-04:00,36.1,4051800
2018-08-14 00:00:00-04:00,36.4,3873000
2018-08-15 00:00:00-04:00,36.74,5599200
2018-08-16 00:00:00-04:00,37.45,5876500
2018-08-17 00:00:00-04:00,37.09,6364900
2018-08-20 00:00:00-04:00,39.25,9628900
2018-08-21 00:00:00-04:00,39.58,6491800
2018-08-22 00:00:00-04:00,38.46,5593100
2018-08-23 00:00:00-04:00,38.11,3931900
2018-08-24 00:00:00-04:00,38.1,3561700
2018-08-27 00:00:00-04:00,38.78,11236000
2018-08-28 00:00:00-04:00,39.93,7373500
2018-08-29 00:00:00-04:00,39.75,4475100
2018-08-30 00:00:00-04:00,39.65,4330100
2018-08-31 00:00:00-04:00,39.73,3464000
2018-09-04 00:00:00-04:00,40.01,7123200
2018-09-05 00:00:00-04:00,38.93,9738800
2018-09-06 00:00:00-04:00,37.76,6917300
2018-09-07 00:00:00-04:00,37.71,4875700
2018-09-10 00:00:00-04:00,38.7,3901000
2018-09-11 00:00:00-04:00,39.43,5863600
2018-09-12 00:00:00-04:00,38.53,6103400
2018-09-13 00:00:00-04:00,38.74,4268900
2018-09-14 00:00:00-04:00,39.0,2905100
2018-09-17 00:00:00-04:00,39.57,5072800
2018-09-18 00:00:00-04:00,40.03,5548300
2018-09-19 00:00:00-04:00,40.83,7413600
2018-09-20 00:00:00-04:00,41.11,6865600
2018-09-21 00:00:00-04:00,42.79,10743100
2018-09-24 00:00:00-04:00,41.2,7105100
2018-09-25 00:00:00-04:00,40.05,6744200
2018-09-26 00:00:00-04:00,40.28,4623700
2018-09-27 00:00:00-04:00,40.73,5654600
2018-09-28 00:00:00-04:00,40.56,5030600
2018-10-01 00:00:00-04:00,38.87,7210700
2018-10-02 00:00:00-04:00,37.78,7625000
2018-10-03 00:00:00-04:00,38.08,6370300
2018-10-04 00:00:00-04:00,37.21,5916500
2018-10-05 00:00:00-04:00,35.76,9127000
2018-10-08 00:00:00-04:00,35.23,7879300
2018-10-09 00:00:00-04:00,32.93,19662600
2018-10-10 00:00:00-04:00,31.02,20539000
2018-10-11 00:00:00-04:00,30.69,17115800
2018-10-12 00:00:00-04:00,30.33,12905200
2018-10-15 00:00:00-04:00,31.19,11092500
2018-10-16 00:00:00-04:00,32.66,11339200
2018-10-17 00:00:00-04:00,32.94,15068600
2018-10-18 00:00:00-04:00,31.46,12778300
2018-10-19 00:00:00-04:00,31.44,10445200
2018-10-22 00:00:00-04:00,31.56,7572100
2018-10-23 00:00:00-04:00,31.78,12468300
2018-10-24 00:00:00-04:00,29.78,15348200
2018-10-25 00:00:00-04:00,31.77,18375200
2018-10-26 00:00:00-04:00,31.86,11438600
2018-10-29 00:00:00-04:00,31.99,9405500
2018-10-30 00:00:00-04:00,34.01,13067600
2018-10-31 00:00:00-04:00,34.43,11132800
2018-11-01 00:00:00-04:00,35.69,9643200
2018-11-02 00:00:00-04:00,35.65,10039100
2018-11-05 00:00:00-05:00,35.15,11305300
2018-11-06 00:00:00-05:00,34.61,11376700
2018-11-07 00:00:00-05:00,36.38,10904000
2018-11-08 00:00:00-05:00,36.27,6884800
2018-11-09 00:00:00-05:00,35.64,6794400
2018-11-12 00:00:00-05:00,36.27,9360800
2018-11-13 00:00:00-05:00,37.18,9694100
2018-11-14 00:00:00-05:00,37.5,7288400
2018-11-15 00:00:00-05:00,37.22,8296700
2018-11-16 00:00:00-05:00,36.17,10645700
2018-11-19 00:00:00-05:00,35.25,9421000
2018-11-20 00:00:00-05:00,35.02,7059600
2018-11-21 00:00:00-05:00,35.73,8701500
2018-11-23 00:00:00-05:00,37.35,6121300
2018-11-26 00:00:00-05:00,37.49,9203100
2018-11-27 00:00:00-05:00,37.68,8143000
2018-11-28 00:00:00-05:00,38.32,6673800
2018-11-29 00:00:00-05:00,37.81,5178100
2018-11-30 00:00:00-05:00,39.52,10015700
2018-12-03 00:00:00-05:00,39.02,6578000
2018-12-04 00:00:00-05:00,36.11,12315100
2018-12-06 00:00:00-05:00,36.35,9378900
2018-12-07 00:00:00-05:00,33.04,14380100
2018-12-10 00:00:00-05:00,33.3,8569100
2018-12-11 00:00:00-05:00,33.56,8055400
2018-12-12 00:00:00-05:00,33.8,7630500
2018-12-13 00:00:00-05:00,31.94,10279700
2018-12-14 00:00:00-05:00,31.89,8558600
2018-12-17 00:00:00-05:00,31.53,7638100
2018-12-18 00:00:00-05:00,33.01,9117600
2018-12-19 00:00:00-05:00,31.9,8120500
2018-12-20 00:00:00-05:00,31.38,9439600
2018-12-21 00:00:00-05:00,30.29,11800600
2018-12-24 00:00:00-05:00,29.25,5902000
2018-12-26 00:00:00-05:00,31.78,8621300
2018-12-27 00:00:00-05:00,31.53,7751300
2018-12-28 00:00:00-05:00,31.32,6379400
2018-12-31 00:00:00-05:00,31.6,5334700
2019-01-02 00:00:00-05:00,31.96,5229500
2019-01-03 00:00:00-05:00,29.58,16822000
2019-01-04 00:00:00-05:00,31.53,9369600
2019-01-07 00:00:00-05:00,32.43,8010700
2019-01-08 00:00:00-05:00,31.9,7107700
2019-01-09 00:00:00-05:00,32.89,6179400
2019-01-10 00:00:00-05:00,31.53,19726300
2019-01-11 00:00:00-05:00,31.29,6900100
2019-01-14 00:00:00-05:00,31.21,5878500
2019-01-15 00:00:00-05:00,31.59,7643100
2019-01-16 00:00:00-05:00,32.32,9141600
2019-01-17 00:00:00-05:00,33.05,5917500
2019-01-18 00:00:00-05:00,33.43,5817700
2019-01-22 00:00:00-05:00,32.22,14598200
2019-01-23 00:00:00-05:00,31.15,14317900
2019-01-24 00:00:00-05:00,33.12,15531100
2019-01-25 00:00:00-05:00,34.42,15811300
2019-01-28 00:00:00-05:00,35.99,14843500
2019-01-29 00:00:00-05:00,35.71,8744300
2019-01-30 00:00:00-05:00,35.76,7435600
2019-01-31 00:00:00-05:00,35.2,7706600
2019-02-01 00:00:00-05:00,35.54,6611900
2019-02-04 00:00:00-05:00,36.19,9089300
2019-02-05 00:00:00-05:00,36.44,6003200
2019-02-06 00:00:00-05:00,36.27,5802800
2019-02-07 00:00:00-05:00,35.69,5857300
2019-02-08 00:00:00-05:00,35.52,4973300
2019-02-11 00:00:00-05:00,36.11,4932600
2019-02-12 00:00:00-05:00,35.28,6883200
2019-02-13 00:00:00-05:00,35.73,5837900
2019-02-14 00:00:00-05:00,35.63,4070000
2019-02-15 00:00:00-05:00,34.59,11471900
2019-02-19 00:00:00-05:00,35.0,6436100
2019-02-20 00:00:00-05:00,34.6,6969900
2019-02-21 00:00:00-05:00,34.52,5900700
2019-02-22 00:00:00-05:00,35.02,5393300
2019-02-25 00:00:00-05:00,35.43,10905900
2019-02-26 00:00:00-05:00,35.77,7565000
2019-02-27 00:00:00-05:00,35.22,5874900
2019-02-28 00:00:00-05:00,35.16,7873800
2019-03-01 00:00:00-05:00,34.18,8654000
2019-03-04 00:00:00-05:00,33.27,6998100
2019-03-05 00:00:00-05:00,32.79,7405700
2019-03-06 00:00:00-05:00,32.33,6420800
2019-03-07 00:00:00-05:00,31.79,7112400
2019-03-08 00:00:00-05:00,31.49,6200500
2019-03-11 00:00:00-04:00,31.63,8944000
2019-03-12 00:00:00-04:00,30.51,10887500
2019-03-13 00:00:00-04:00,31.42,11092900
2019-03-14 00:00:00-04:00,31.7,6454500
2019-03-15 00:00:00-04:00,31.01,9645100
2019-03-18 00:00:00-04:00,30.96,6832700
2019-03-19 00:00:00-04:00,31.17,6824500
2019-03-20 00:00:00-04:00,30.55,6250200
2019-03-21 00:00:00-04:00,31.03,5725100
2019-03-22 00:00:00-04:00,30.17,7488900
2019-03-25 00:00:00-04:00,29.81,5172000
2019-03-26 00:00:00-04:00,29.81,4583400
2019-03-27 00:00:00-04:00,30.53,6406900
2019-03-28 00:00:00-04:00,30.49,6687200
2019-03-29 00:00:00-04:00,31.34,6980800
2019-04-01 00:00:00-04:00,31.92,7438200
2019-04-02 00:00:00-04:00,32.55,10406100
2019-04-03 00:00:00-04:00,33.26,10014300
2019-04-04 00:00:00-04:00,33.48,6192300
2019-04-05 00:00:00-04:00,33.61,5164700
2019-04-08 00:00:00-04:00,33.43,6219800
2019-04-09 00:00:00-04:00,32.87,8119100
2019-04-10 00:00:00-04:00,33.57,7159500
2019-04-11 00:00:00-04:00,34.35,7352400
2019-04-12 00:00:00-04:00,34.23,4610500
2019-04-15 00:00:00-04:00,33.3,6390600
2019-04-16 00:00:00-04:00,33.58,4498400
2019-04-17 00:00:00-04:00,33.93,3772100
2019-04-18 00:00:00-04:00,33.92,3318200
2019-04-22 00:00:00-04:00,33.04,3884200
2019-04-23 00:00:00-04:00,33.52,3329800
2019-04-24 00:00:00-04:00,33.54,3739800
2019-04-25 00:00:00-04:00,32.97,6156500
2019-04-26 00:00:00-04:00,32.62,9623100
2019-04-29 00:00:00-04:00,33.32,5558200
2019-04-30 00:00:00-04:00,33.73,5719600
2019-05-01 00:00:00-04:00,33.46,4466600
2019-05-02 00:00:00-04:00,33.5,5320300
2019-05-03 00:00:00-04:00,34.33,5181400
2019-05-06 00:00:00-04:00,34.29,4156800
2019-05-07 00:00:00-04:00,33.56,6957800
2019-05-08 00:00:00-04:00,33.4,4374100
2019-05-09 00:00:00-04:00,33.6,4500100
2019-05-10 00:00:00-04:00,33.64,4949800
2019-05-13 00:00:00-04:00,31.81,7040900
2019-05-14 00:00:00-04:00,32.0,5503900
2019-05-15 00:00:00-04:00,31.83,4518600
2019-05-16 00:00:00-04:00,31.98,4739700
2019-05-17 00:00:00-04:00,31.41,4751600
2019-05-20 00:00:00-04:00,30.64,7576200
2019-05-21 00:00:00-04:00,30.98,4986900
2019-05-22 00:00:00-04:00,29.61,10258700
2019-05-23 00:00:00-04:00,29.19,11324600
2019-05-24 00:00:00-04:00,28.87,5764000
2019-05-28 00:00:00-04:00,28.43,8362800
2019-05-29 00:00:00-04:00,28.12,6248100
2019-05-30 00:00:00-04:00,27.88,4734100
2019-05-31 00:00:00-04:00,26.95,7441400
2019-06-03 00:00:00-04:00,26.92,6796300
2019-06-04 00:00:00-04:00,28.82,10218500
2019-06-05 00:00:00-04:00,30.04,8713700
2019-06-06 00:00:00-04:00,30.06,5507600
2019-06-07 00:00:00-04:00,30.6,4843600
2019-06-10 00:00:00-04:00,30.44,5449400
2019-06-11 00:00:00-04:00,30.26,3461800
2019-06-12 00:00:00-04:00,30.78,5185700
2019-06-13 00:00:00-04:00,32.75,10856500
2019-06-14 00:00:00-04:00,32.34,6128000
2019-06-17 00:00:00-04:00,32.22,3420700
2019-06-18 00:00:00-04:00,32.18,3789300
2019-06-19 00:00:00-04:00,32.87,5535500
2019-06-20 00:00:00-04:00,31.82,8969200
2019-06-21 00:00:00-04:00,31.24,7481800
2019-06-24 00:00:00-04:00,31.49,8425700
2019-06-25 00:00:00-04:00,30.94,6523600
2019-06-26 00:00:00-04:00,31.13,4089700
2019-06-27 00:00:00-04:00,31.82,4274500
2019-06-28 00:00:00-04:00,32.27,5238500
2019-07-01 00:00:00-04:00,32.54,8985600
2019-07-02 00:00:00-04:00,31.86,4765100
2019-07-03 00:00:00-04:00,32.38,2747700
2019-07-05 00:00:00-04:00,32.12,2583900
2019-07-08 00:00:00-04:00,32.45,5328800
2019-07-09 00:00:00-04:00,32.02,5450600
2019-07-10 00:00:00-04:00,32.6,8869700
2019-07-11 00:00:00-04:00,32.69,6842900
2019-07-12 00:00:00-04:00,33.43,5012200
2019-07-15 00:00:00-04:00,33.26,3483600
2019-07-16 00:00:00-04:00,33.86,6353600
2019-07-17 00:00:00-04:00,32.91,5881900
2019-07-18 00:00:00-04:00,33.39,3049300
2019-07-19 00:00:00-04:00,32.74,4249000
2019-07-22 00:00:00-04:00,32.56,4005600
2019-07-23 00:00:00-04:00,33.38,4524100
2019-07-24 00:00:00-04:00,34.23,7315300
2019-07-25 00:00:00-04:00,31.34,13152300
2019-07-26 00:00:00-04:00,30.92,7875200
2019-07-29 00:00:00-04:00,30.42,6963900
2019-07-30 00:00:00-04:00,30.39,5290200
2019-07-31 00:00:00-04:00,30.19,6269400
2019-08-01 00:00:00-04:00,29.53,8013000
2019-08-02 00:00:00-04:00,29.14,6475900
2019-08-05 00:00:00-04:00,28.23,8948900
2019-08-06 00:00:00-04:00,28.16,6010100
2019-08-07 00:00:00-04:00,28.43,6771500
2019-08-08 00:00:00-04:00,28.88,5028200
2019-08-09 00:00:00-04:00,28.58,4031300
2019-08-12 00:00:00-04:00,27.45,8015000
2019-08-13 00:00:00-04:00,27.32,12950000
2019-08-14 00:00:00-04:00,25.92,10104400
2019-08-15 00:00:00-04:00,25.23,10057900
2019-08-16 00:00:00-04:00,25.61,8826800
2019-08-19 00:00:00-04:00,25.92,9034800
2019-08-20 00:00:00-04:00,25.65,7658800
2019-08-21 00:00:00-04:00,26.24,6227500
2019-08-22 00:00:00-04:00,26.35,5957900
2019-08-23 00:00:00-04:00,25.24,8900100
2019-08-26 00:00:00-04:00,25.02,6722600
2019-08-27 00:00:00-04:00,24.28,7503700
2019-08-28 00:00:00-04:00,25.16,9079100
2019-08-29 00:00:00-04:00,26.14,7205600
2019-08-30 00:00:00-04:00,26.13,5076200
2019-09-03 00:00:00-04:00,26.33,6730000
2019-09-04 00:00:00-04:00,26.81,5653300
2019-09-05 00:00:00-04:00,27.5,6254600
2019-09-06 00:00:00-04:00,27.6,5791900
2019-09-09 00:00:00-04:00,28.24,8561600
2019-09-10 00:00:00-04:00,28.92,6377300
2019-09-11 00:00:00-04:00,29.55,10842600
2019-09-12 00:00:00-04:00,29.73,5808800
2019-09-13 00:00:00-04:00,29.74,7131900
2019-09-16 00:00:00-04:00,27.58,15507800
2019-09-17 00:00:00-04:00,28.44,12683400
2019-09-18 00:00:00-04:00,28.4,6129400
2019-09-19 00:00:00-04:00,28.1,5102700
2019-09-20 00:00:00-04:00,27.8,6885400
2019-09-23 00:00:00-04:00,27.31,5324400
2019-09-24 00:00:00-04:00,26.81,5558300
2019-09-25 00:00:00-04:00,27.25,6369400
2019-09-26 00:00:00-04:00,27.0,4831300
2019-09-27 00:00:00-04:00,26.82,5155100
2019-09-30 00:00:00-04:00,26.78,5109800
2019-10-01 00:00:00-04:00,26.62,6547000
2019-10-02 00:00:00-04:00,25.19,14178200
2019-10-03 00:00:00-04:00,25.1,8586400
2019-10-04 00:00:00-04:00,25.65,6446100
2019-10-07 00:00:00-04:00,25.65,5725400
2019-10-08 00:00:00-04:00,26.08,9028100
2019-10-09 00:00:00-04:00,26.88,8095500
2019-10-10 00:00:00-04:00,26.99,7057600
2019-10-11 00:00:00-04:00,27.17,7492400
2019-10-14 00:00:00-04:00,27.43,3167100
2019-10-15 00:00:00-04:00,28.07,7019200
2019-10-16 00:00:00-04:00,27.86,6353300
2019-10-17 00:00:00-04:00,27.74,6709600
2019-10-18 00:00:00-04:00,28.03,5689100
2019-10-21 00:00:00-04:00,28.42,6746400
2019-10-22 00:00:00-04:00,28.06,8022000
2019-10-23 00:00:00-04:00,28.09,8396900
2019-10-24 00:00:00-04:00,29.21,17890900
2019-10-25 00:00:00-04:00,30.65,13835700
2019-10-28 00:00:00-04:00,31.14,10298500
2019-10-29 00:00:00-04:00,30.71,6843200
2019-10-30 00:00:00-04:00,30.08,10356100
2019-10-31 00:00:00-04:00,29.85,8779600
2019-11-01 00:00:00-04:00,30.35,8270900
2019-11-04 00:00:00-05:00,30.74,5888600
2019-11-05 00:00:00-05:00,31.07,5500200
2019-11-06 00:00:00-05:00,30.85,4270300
2019-11-07 00:00:00-05:00,30.78,6342400
2019-11-08 00:00:00-05:00,30.65,6352900
2019-11-11 00:00:00-05:00,30.48,4109100
2019-11-12 00:00:00-05:00,29.41,8662900
2019-11-13 00:00:00-05:00,28.55,7152300
2019-11-14 00:00:00-05:00,28.66,4393200
2019-11-15 00:00:00-05:00,28.75,4552000
2019-11-18 00:00:00-05:00,28.49,5368800
2019-11-19 00:00:00-05:00,29.18,5965500
2019-11-20 00:00:00-05:00,28.13,9936100
2019-11-21 00:00:00-05:00,27.83,6071800
2019-11-22 00:00:00-05:00,28.57,4827100
2019-11-25 00:00:00-05:00,28.88,5171200
2019-11-26 00:00:00-05:00,28.94,5932800
2019-11-27 00:00:00-05:00,28.84,3381800
2019-11-29 00:00:00-05:00,28.63,2970800
2019-12-02 00:00:00-05:00,27.98,6850800
2019-12-03 00:00:00-05:00,27.19,7736600
2019-12-04 00:00:00-05:00,27.28,4805300
2019-12-05 00:00:00-05:00,27.14,4994500
2019-12-06 00:00:00-05:00,27.63,6093100
2019-12-09 00:00:00-05:00,27.39,4474400
2019-12-10 00:00:00-05:00,26.9,7538700
2019-12-11 00:00:00-05:00,26.76,5434600
2019-12-12 00:00:00-05:00,27.62,9645300
2019-12-13 00:00:00-05:00,27.38,5965200
2019-12-16 00:00:00-05:00,27.82,6997300
2019-12-17 00:00:00-05:00,28.18,5920300
2019-12-18 00:00:00-05:00,27.9,4633800
2019-12-19 00:00:00-05:00,28.44,6295100
2019-12-20 00:00:00-05:00,28.93,12277100
2019-12-23 00:00:00-05:00,29.19,9291100
2019-12-24 00:00:00-05:00,29.07,2373600
2019-12-26 00:00:00-05:00,29.56,4746500
2019-12-27 00:00:00-05:00,28.34,8416500
2019-12-30 00:00:00-05:00,28.2,4940300
2019-12-31 00:00:00-05:00,28.57,4396800
2020-01-02 00:00:00-05:00,28.98,6451100
2020-01-03 00:00:00-05:00,27.55,14008900
2020-01-06 00:00:00-05:00,27.22,6105800
2020-01-07 00:00:00-05:00,27.12,6105900
2020-01-08 00:00:00-05:00,27.74,10496800
2020-01-09 00:00:00-05:00,27.85,6898900
2020-01-10 00:00:00-05:00,27.22,8106800
2020-01-13 00:00:00-05:00,27.29,5874400
2020-01-14 00:00:00-05:00,27.43,8888900
2020-01-15 00:00:00-05:00,27.48,5689900
2020-01-16 00:00:00-05:00,28.13,6442800
2020-01-17 00:00:00-05:00,28.3,7379400
2020-01-21 00:00:00-05:00,27.1,16409400
2020-01-22 00:00:00-05:00,27.22,9852600
2020-01-23 00:00:00-05:00,28.69,25611100
2020-01-24 00:00:00-05:00,27.54,18067800
2020-01-27 00:00:00-05:00,26.01,21573800
2020-01-28 00:00:00-05:00,26.8,11939200
2020-01-29 00:00:00-05:00,26.7,9088700
2020-01-30 00:00:00-05:00,27.62,10685500
2020-01-31 00:00:00-05:00,26.74,11027900
2020-02-03 00:00:00-05:00,27.06,7630400
2020-02-04 00:00:00-05:00,28.43,10832900
2020-02-05 00:00:00-05:00,29.1,8959700
2020-02-06 00:00:00-05:00,28.3,8335800
2020-02-07 00:00:00-05:00,28.38,6231800
2020-02-10 00:00:00-05:00,28.79,15134300
2020-02-11 00:00:00-05:00,29.84,8977700
2020-02-12 00:00:00-05:00,30.47,9315400
2020-02-13 00:00:00-05:00,30.09,9119400
2020-02-14 00:00:00-05:00,29.2,5524800
2020-02-18 00:00:00-05:00,28.63,10485100
2020-02-19 00:00:00-05:00,28.33,8400700
2020-02-20 00:00:00-05:00,28.51,10093400
2020-02-21 00:00:00-05:00,27.82,11253600
2020-02-24 00:00:00-05:00,25.45,21713200
2020-02-25 00:00:00-05:00,23.12,22296900
2020-02-26 00:00:00-05:00,22.31,19610300
2020-02-27 00:00:00-05:00,20.6,31897300
2020-02-28 00:00:00-05:00,19.05,37093200
2020-03-02 00:00:00-05:00,18.86,38738000
2020-03-03 00:00:00-05:00,17.85,35402500
2020-03-04 00:00:00-05:00,18.53,44362100
2020-03-05 00:00:00-05:00,16.04,44656800
2020-03-06 00:00:00-05:00,15.97,54505000
2020-03-09 00:00:00-04:00,14.75,42558000
2020-03-10 00:00:00-04:00,17.0,56972700
2020-03-11 00:00:00-04:00,16.26,43705800
2020-03-12 00:00:00-04:00,13.45,53968500
2020-03-13 00:00:00-04:00,14.31,58376100
2020-03-16 00:00:00-04:00,15.92,84916800
2020-03-17 00:00:00-04:00,15.58,58055800
2020-03-18 00:00:00-04:00,11.65,78458800
2020-03-19 00:00:00-04:00,10.29,71584500
2020-03-20 00:00:00-04:00,10.38,62681800
2020-03-23 00:00:00-04:00,10.25,56427300
2020-03-24 00:00:00-04:00,13.92,101553100
2020-03-25 00:00:00-04:00,15.39,93795100
2020-03-26 00:00:00-04:00,15.66,77530600
2020-03-27 00:00:00-04:00,14.04,50783500
2020-03-30 00:00:00-04:00,12.25,50516800
2020-03-31 00:00:00-04:00,12.19,44851400
2020-04-01 00:00:00-04:00,10.69,56854400
2020-04-02 00:00:00-04:00,10.06,65534600
2020-04-03 00:00:00-04:00,9.39,87018900
2020-04-06 00:00:00-04:00,9.5,94272300
2020-04-07 00:00:00-04:00,10.22,138061000
2020-04-08 00:00:00-04:00,11.33,82718700
2020-04-09 00:00:00-04:00,12.51,117592800
2020-04-13 00:00:00-04:00,11.56,73385500
2020-04-14 00:00:00-04:00,11.95,68039500
2020-04-15 00:00:00-04:00,12.29,124719900
2020-04-16 00:00:00-04:00,11.07,83627000
2020-04-17 00:00:00-04:00,11.57,61279500
2020-04-20 00:00:00-04:00,11.06,58984900
2020-04-21 00:00:00-04:00,11.0,49882300
2020-04-22 00:00:00-04:00,10.27,76140100
2020-04-23 00:00:00-04:00,10.25,54598500
2020-04-24 00:00:00-04:00,10.31,67118200
2020-04-27 00:00:00-04:00,10.02,67378800
2020-04-28 00:00:00-04:00,11.26,114643000
2020-04-29 00:00:00-04:00,12.63,113669400
2020-04-30 00:00:00-04:00,12.01,94921400
2020-05-01 00:00:00-04:00,10.64,99441400
2020-05-04 00:00:00-04:00,9.82,125580000
2020-05-05 00:00:00-04:00,9.51,86943900
2020-05-06 00:00:00-04:00,9.25,68991000
2020-05-07 00:00:00-04:00,9.54,61817000
2020-05-08 00:00:00-04:00,10.14,59186200
2020-05-11 00:00:00-04:00,10.1,48705900
2020-05-12 00:00:00-04:00,9.65,46833100
2020-05-13 00:00:00-04:00,9.11,68704600
2020-05-14 00:00:00-04:00,9.15,72320500
2020-05-15 00:00:00-04:00,9.04,39560500
2020-05-18 00:00:00-04:00,9.87,76109300
2020-05-19 00:00:00-04:00,9.64,62242500
2020-05-20 00:00:00-04:00,9.87,44006700
2020-05-21 00:00:00-04:00,9.89,45785700
2020-05-22 00:00:00-04:00,9.7,37596800
2020-05-26 00:00:00-04:00,11.14,101717000
2020-05-27 00:00:00-04:00,11.98,99314800
2020-05-28 00:00:00-04:00,10.98,70488800
2020-05-29 00:00:00-04:00,10.5,58920300
2020-06-01 00:00:00-04:00,11.11,50313500
2020-06-02 00:00:00-04:00,11.22,49148600
2020-06-03 00:00:00-04:00,11.85,86685300
2020-06-04 00:00:00-04:00,16.72,399432600
2020-06-05 00:00:00-04:00,18.59,428617100
2020-06-08 00:00:00-04:00,20.31,175418900
2020-06-09 00:00:00-04:00,18.55,111234400
2020-06-10 00:00:00-04:00,17.02,163952500
2020-06-11 00:00:00-04:00,14.38,124220800
2020-06-12 00:00:00-04:00,16.74,161101800
2020-06-15 00:00:00-04:00,16.7,122904100
2020-06-16 00:00:00-04:00,17.03,127369700
2020-06-17 00:00:00-04:00,16.98,71706700
2020-06-18 00:00:00-04:00,16.49,64265300
2020-06-19 00:00:00-04:00,16.0,92320200
2020-06-22 00:00:00-04:00,14.92,118994500
2020-06-23 00:00:00-04:00,14.0,204022300
2020-06-24 00:00:00-04:00,13.04,140975500
2020-06-25 00:00:00-04:00,13.17,117383400
2020-06-26 00:00:00-04:00,12.38,108813000
2020-06-29 00:00:00-04:00,13.32,115051100
2020-06-30 00:00:00-04:00,13.07,69607700
2020-07-01 00:00:00-04:00,12.81,116661700
2020-07-02 00:00:00-04:00,12.5,86439500
2020-07-06 00:00:00-04:00,12.8,79312900
2020-07-07 00:00:00-04:00,11.91,77998100
2020-07-08 00:00:00-04:00,11.99,85034500
2020-07-09 00:00:00-04:00,11.18,77131200
2020-07-10 00:00:00-04:00,11.94,90450800
2020-07-13 00:00:00-04:00,11.63,67580300
2020-07-14 00:00:00-04:00,11.57,49888200
2020-07-15 00:00:00-04:00,13.44,135444400
2020-07-16 00:00:00-04:00,12.45,81514000
2020-07-17 00:00:00-04:00,11.91,67934100
2020-07-20 00:00:00-04:00,11.47,64109600
2020-07-21 00:00:00-04:00,11.47,64509800
2020-07-22 00:00:00-04:00,11.36,42461300
2020-07-23 00:00:00-04:00,11.77,115574800
2020-07-24 00:00:00-04:00,11.39,53761400
2020-07-27 00:00:00-04:00,11.39,69451700
2020-07-28 00:00:00-04:00,11.77,62356600
2020-07-29 00:00:00-04:00,11.4,52214600
2020-07-30 00:00:00-04:00,11.18,40525100
2020-07-31 00:00:00-04:00,11.12,51691400
2020-08-03 00:00:00-04:00,11.08,48264000
2020-08-04 00:00:00-04:00,11.47,54824400
2020-08-05 00:00:00-04:00,12.56,113130600
2020-08-06 00:00:00-04:00,13.04,131280100
2020-08-07 00:00:00-04:00,13.03,61700700
2020-08-10 00:00:00-04:00,14.0,121073900
2020-08-11 00:00:00-04:00,13.73,127879300
2020-08-12 00:00:00-04:00,13.54,77379800
2020-08-13 00:00:00-04:00,13.3,47772800
2020-08-14 00:00:00-04:00,13.33,45670200
2020-08-17 00:00:00-04:00,12.62,56206600
2020-08-18 00:00:00-04:00,12.6,33322300
2020-08-19 00:00:00-04:00,12.68,59266500
2020-08-20 00:00:00-04:00,12.5,41956600
2020-08-21 00:00:00-04:00,12.16,35822900
2020-08-24 00:00:00-04:00,13.44,102685700
2020-08-25 00:00:00-04:00,13.14,79053400
2020-08-26 00:00:00-04:00,12.79,44056800
2020-08-27 00:00:00-04:00,13.28,108835700
2020-08-28 00:00:00-04:00,13.59,54516400
2020-08-31 00:00:00-04:00,13.05,45917200
2020-09-01 00:00:00-04:00,13.1,72849700
2020-09-02 00:00:00-04:00,13.23,58889600
2020-09-03 00:00:00-04:00,13.36,86390800
2020-09-04 00:00:00-04:00,13.61,64937000
2020-09-08 00:00:00-04:00,13.63,72746000
2020-09-09 00:00:00-04:00,13.05,79030200
2020-09-10 00:00:00-04:00,13.01,52318600
2020-09-11 00:00:00-04:00,12.95,43916700
2020-09-14 00:00:00-04:00,13.26,39859100
2020-09-15 00:00:00-04:00,13.14,38958800
2020-09-16 00:00:00-04:00,13.8,75200100
2020-09-17 00:00:00-04:00,13.63,50194400
2020-09-18 00:00:00-04:00,13.19,56403600
2020-09-21 00:00:00-04:00,12.21,60604500
2020-09-22 00:00:00-04:00,12.34,33013400
2020-09-23 00:00:00-04:00,11.93,45292600
2020-09-24 00:00:00-04:00,11.77,49163200
2020-09-25 00:00:00-04:00,12.29,43764000
2020-09-28 00:00:00-04:00,12.76,63558200
2020-09-29 00:00:00-04:00,12.25,46994300
2020-09-30 00:00:00-04:00,12.29,65428100
2020-10-01 00:00:00-04:00,12.58,48842000
2020-10-02 00:00:00-04:00,13.0,111883300
2020-10-05 00:00:00-04:00,13.12,53465500
2020-10-06 00:00:00-04:00,12.53,85252400
2020-10-07 00:00:00-04:00,13.07,61274200
2020-10-08 00:00:00-04:00,13.16,88851700
2020-10-09 00:00:00-04:00,13.2,65281000
2020-10-12 00:00:00-04:00,12.92,39852500
2020-10-13 00:00:00-04:00,12.22,63372200
2020-10-14 00:00:00-04:00,12.36,37500000
2020-10-15 00:00:00-04:00,12.23,33776100
2020-10-16 00:00:00-04:00,12.46,32717300
2020-10-19 00:00:00-04:00,12.56,50560700
2020-10-20 00:00:00-04:00,12.8,46748800
2020-10-21 00:00:00-04:00,12.75,37503600
2020-10-22 00:00:00-04:00,13.15,90788900
2020-10-23 00:00:00-04:00,12.6,90787900
2020-10-26 00:00:00-04:00,11.8,85349600
2020-10-27 00:00:00-04:00,11.23,65803400
2020-10-28 00:00:00-04:00,10.95,64399800
2020-10-29 00:00:00-04:00,11.16,44070600
2020-10-30 00:00:00-04:00,11.28,51284700
2020-11-02 00:00:00-05:00,11.19,41094500
2020-11-03 00:00:00-05:00,11.25,43775200
2020-11-04 00:00:00-05:00,11.01,45281300
2020-11-05 00:00:00-05:00,11.6,54890800
2020-11-06 00:00:00-05:00,11.46,36703700
2020-11-09 00:00:00-05:00,13.2,231326200
2020-11-10 00:00:00-05:00,12.38,127529300
2020-11-11 00:00:00-05:00,12.04,81359600
2020-11-12 00:00:00-05:00,11.74,75511700
2020-11-13 00:00:00-05:00,12.24,56421500
2020-11-16 00:00:00-05:00,12.79,104867800
2020-11-17 00:00:00-05:00,12.7,61956500
2020-11-18 00:00:00-05:00,12.74,99888500
2020-11-19 00:00:00-05:00,12.79,58809400
2020-11-20 00:00:00-05:00,12.53,58685500
2020-11-23 00:00:00-05:00,13.56,100764000
2020-11-24 00:00:00-05:00,14.82,156501000
2020-11-25 00:00:00-05:00,14.94,101052500
2020-11-27 00:00:00-05:00,14.98,66066400
2020-11-30 00:00:00-05:00,14.13,97536300
2020-12-01 00:00:00-05:00,14.27,76061200
2020-12-02 00:00:00-05:00,14.86,76032800
2020-12-03 00:00:00-05:00,16.09,169287200
2020-12-04 00:00:00-05:00,16.4,117387600
2020-12-07 00:00:00-05:00,17.21,157231900
2020-12-08 00:00:00-05:00,17.63,95855400
2020-12-09 00:00:00-05:00,17.16,138508300
2020-12-10 00:00:00-05:00,17.99,86395200
2020-12-11 00:00:00-05:00,17.05,106957300
2020-12-14 00:00:00-05:00,16.7,88139900
2020-12-15 00:00:00-05:00,17.01,88795200
2020-12-16 00:00:00-05:00,16.86,59232600
2020-12-17 00:00:00-05:00,16.8,49386300
2020-12-18 00:00:00-05:00,16.51,74782800
2020-12-21 00:00:00-05:00,16.1,87243800
2020-12-22 00:00:00-05:00,15.48,74627300
2020-12-23 00:00:00-05:00,15.89,62603800
2020-12-24 00:00:00-05:00,15.66,31048900
2020-12-28 00:00:00-05:00,16.06,61099000
2020-12-29 00:00:00-05:00,15.86,51559500
2020-12-30 00:00:00-05:00,16.15,49520200
2020-12-31 00:00:00-05:00,15.77,57891100
2021-01-04 00:00:00-05:00,15.13,69732500
2021-01-05 00:00:00-05:00,15.43,53368200
2021-01-06 00:00:00-05:00,15.52,63708000
2021-01-07 00:00:00-05:00,15.38,48187900
2021-01-08 00:00:00-05:00,15.13,55656400
2021-01-11 00:00:00-05:00,15.0,40545300
2021-01-12 00:00:00-05:00,15.38,45742400
2021-01-13 00:00:00-05:00,15.53,42629300
2021-01-14 00:00:00-05:00,16.44,79900900
2021-01-15 00:00:00-05:00,15.76,55175800
2021-01-19 00:00:00-05:00,15.97,39740200
2021-01-20 00:00:00-05:00,16.17,42354500
2021-01-21 00:00:00-05:00,15.83,50639200
2021-01-22 00:00:00-05:00,15.82,39126600
2021-01-25 00:00:00-05:00,15.43,61954500
2021-01-26 00:00:00-05:00,15.53,44571100
2021-01-27 00:00:00-05:00,16.56,178529000
2021-01-28 00:00:00-05:00,18.1,319607600
2021-01-29 00:00:00-05:00,17.17,113054800
2021-02-01 00:00:00-05:00,16.84,49436000
2021-02-02 00:00:00-05:00,16.59,39287800
2021-02-03 00:00:00-05:00,17.6,61414800
2021-02-04 00:00:00-05:00,17.4,37606800
2021-02-05 00:00:00-05:00,17.19,30910200
2021-02-08 00:00:00-05:00,17.77,44177500
2021-02-09 00:00:00-05:00,17.44,29972900
2021-02-10 00:00:00-05:00,17.41,28503000
2021-02-11 00:00:00-05:00,16.99,38746400
2021-02-12 00:00:00-05:00,17.27,27522500
2021-02-16 00:00:00-05:00,17.82,33615500
2021-02-17 00:00:00-05:00,17.99,35475700
2021-02-18 00:00:00-05:00,17.71,26328200
2021-02-19 00:00:00-05:00,18.68,48663800
2021-02-22 00:00:00-05:00,20.44,99937700
2021-02-23 00:00:00-05:00,20.66,78817600
2021-02-24 00:00:00-05:00,21.82,74610200
2021-02-25 00:00:00-05:00,20.86,65571000
2021-02-26 00:00:00-05:00,20.94,42397300
2021-03-01 00:00:00-05:00,21.18,45406100
2021-03-02 00:00:00-05:00,21.44,27558200
2021-03-03 00:00:00-05:00,22.17,49301300
2021-03-04 00:00:00-05:00,21.24,61124200
2021-03-05 00:00:00-05:00,20.45,63183900
2021-03-08 00:00:00-05:00,21.47,39776900
2021-03-09 00:00:00-05:00,21.6,39820400
2021-03-10 00:00:00-05:00,21.75,44224900
2021-03-11 00:00:00-05:00,22.15,39002400
2021-03-12 00:00:00-05:00,23.37,55260300
2021-03-15 00:00:00-04:00,25.17,93746800
2021-03-16 00:00:00-04:00,24.47,47923600
2021-03-17 00:00:00-04:00,25.16,38540100
2021-03-18 00:00:00-04:00,24.7,53228500
2021-03-19 00:00:00-04:00,24.97,49461200
2021-03-22 00:00:00-04:00,23.83,42676000
2021-03-23 00:00:00-04:00,22.27,55290700
2021-03-24 00:00:00-04:00,21.81,44703900
2021-03-25 00:00:00-04:00,22.77,49746900
2021-03-26 00:00:00-04:00,22.93,36972400
2021-03-29 00:00:00-04:00,22.91,30700100
2021-03-30 00:00:00-04:00,24.12,39747900
2021-03-31 00:00:00-04:00,23.9,29800300
2021-04-01 00:00:00-04:00,23.86,25956200
2021-04-05 00:00:00-04:00,24.23,33657000
2021-04-06 00:00:00-04:00,24.06,31099400
2021-04-07 00:00:00-04:00,23.93,27792500
2021-04-08 00:00:00-04:00,23.65,28606600
2021-04-09 00:00:00-04:00,23.54,21307700
2021-04-12 00:00:00-04:00,22.91,27165700
2021-04-13 00:00:00-04:00,22.56,44741600
2021-04-14 00:00:00-04:00,22.37,33969600
2021-04-15 00:00:00-04:00,22.13,34424100
2021-04-16 00:00:00-04:00,22.03,25958000
2021-04-19 00:00:00-04:00,21.55,27424900
2021-04-20 00:00:00-04:00,20.37,48820800
2021-04-21 00:00:00-04:00,21.01,49376400
2021-04-22 00:00:00-04:00,20.07,72635100
2021-04-23 00:00:00-04:00,21.11,47995300
2021-04-26 00:00:00-04:00,22.04,44349200
2021-04-27 00:00:00-04:00,21.76,26767100
2021-04-28 00:00:00-04:00,21.7,22572100
2021-04-29 00:00:00-04:00,21.3,34430900
2021-04-30 00:00:00-04:00,21.72,31608800
2021-05-03 00:00:00-04:00,21.95,27606100
2021-05-04 00:00:00-04:00,21.42,36050800
2021-05-05 00:00:00-04:00,21.57,27984800
2021-05-06 00:00:00-04:00,21.49,25632600
2021-05-07 00:00:00-04:00,22.0,32022900
2021-05-10 00:00:00-04:00,22.0,32570000
2021-05-11 00:00:00-04:00,21.57,37417800
2021-05-12 00:00:00-04:00,20.76,34605300
2021-05-13 00:00:00-04:00,21.21,35238700
2021-05-14 00:00:00-04:00,22.4,39182500
2021-05-17 00:00:00-04:00,23.35,40716100
2021-05-18 00:00:00-04:00,23.56,38662400
2021-05-19 00:00:00-04:00,22.97,34558200
2021-05-20 00:00:00-04:00,22.6,33606500
2021-05-21 00:00:00-04:00,22.57,26246500
2021-05-24 00:00:00-04:00,22.99,26159300
2021-05-25 00:00:00-04:00,23.21,50630500
2021-05-26 00:00:00-04:00,23.9,29812700
2021-05-27 00:00:00-04:00,24.43,36389500
2021-05-28 00:00:00-04:00,24.24,30594400
2021-06-01 00:00:00-04:00,24.67,36502400
2021-06-02 00:00:00-04:00,25.82,57686200
2021-06-03 00:00:00-04:00,24.93,38254900
2021-06-04 00:00:00-04:00,24.3,28977300
2021-06-07 00:00:00-04:00,24.25,21173200
2021-06-08 00:00:00-04:00,24.22,26105600
2021-06-09 00:00:00-04:00,23.85,20289000
2021-06-10 00:00:00-04:00,23.46,28988300
2021-06-11 00:00:00-04:00,23.53,24368000
2021-06-14 00:00:00-04:00,22.99,22613100
2021-06-15 00:00:00-04:00,22.79,19062200
2021-06-16 00:00:00-04:00,22.83,20296900
2021-06-17 00:00:00-04:00,22.23,32879100
2021-06-18 00:00:00-04:00,22.29,28009900
2021-06-21 00:00:00-04:00,22.45,26666200
2021-06-22 00:00:00-04:00,22.11,22745000
2021-06-23 00:00:00-04:00,22.2,17394700
2021-06-24 00:00:00-04:00,22.35,22667500
2021-06-25 00:00:00-04:00,22.22,18738600
2021-06-28 00:00:00-04:00,21.39,48437800
2021-06-29 00:00:00-04:00,21.08,29157400
2021-06-30 00:00:00-04:00,21.21,26231800
2021-07-01 00:00:00-04:00,21.51,22082700
2021-07-02 00:00:00-04:00,21.48,20814100
2021-07-06 00:00:00-04:00,21.01,24176500
2021-07-07 00:00:00-04:00,20.31,30857000
2021-07-08 00:00:00-04:00,20.35,28539300
2021-07-09 00:00:00-04:00,20.89,21730900
2021-07-12 00:00:00-04:00,20.84,20782200
2021-07-13 00:00:00-04:00,20.02,30951500
2021-07-14 00:00:00-04:00,20.62,55139500
2021-07-15 00:00:00-04:00,20.46,34187500
2021-07-16 00:00:00-04:00,19.79,34523500
2021-07-19 00:00:00-04:00,18.97,63985800
2021-07-20 00:00:00-04:00,20.56,46295400
2021-07-21 00:00:00-04:00,21.4,52282600
2021-07-22 00:00:00-04:00,21.16,39028300
2021-07-23 00:00:00-04:00,21.2,29379200
2021-07-26 00:00:00-04:00,22.08,31508800
2021-07-27 00:00:00-04:00,21.46,30301300
2021-07-28 00:00:00-04:00,21.63,20077400
2021-07-29 00:00:00-04:00,21.17,19391300
2021-07-30 00:00:00-04:00,20.38,31284000
2021-08-02 00:00:00-04:00,20.06,27151300
2021-08-03 00:00:00-04:00,19.95,36572600
2021-08-04 00:00:00-04:00,19.45,30815400
2021-08-05 00:00:00-04:00,20.91,42900900
2021-08-06 00:00:00-04:00,21.02,28281000
2021-08-09 00:00:00-04:00,20.56,32047600
2021-08-10 00:00:00-04:00,20.94,31320900
2021-08-11 00:00:00-04:00,21.23,39902300
2021-08-12 00:00:00-04:00,20.43,30369400
2021-08-13 00:00:00-04:00,19.84,30877500
2021-08-16 00:00:00-04:00,19.76,25610400
2021-08-17 00:00:00-04:00,19.34,23686100
2021-08-18 00:00:00-04:00,19.14,24479500
2021-08-19 00:00:00-04:00,18.73,37097100
2021-08-20 00:00:00-04:00,18.5,28979400
2021-08-23 00:00:00-04:00,19.11,23637500
2021-08-24 00:00:00-04:00,19.83,31550400
2021-08-25 00:00:00-04:00,20.15,26913300
2021-08-26 00:00:00-04:00,19.9,22809500
2021-08-27 00:00:00-04:00,20.22,21615100
2021-08-30 00:00:00-04:00,19.51,24094300
2021-08-31 00:00:00-04:00,19.94,24993200
2021-09-01 00:00:00-04:00,19.64,20843200
2021-09-02 00:00:00-04:00,19.76,20179400
2021-09-03 00:00:00-04:00,19.37,20311900
2021-09-07 00:00:00-04:00,19.53,18291000
2021-09-08 00:00:00-04:00,19.13,21836100
2021-09-09 00:00:00-04:00,20.2,60077200
2021-09-10 00:00:00-04:00,18.95,54951400
2021-09-13 00:00:00-04:00,19.31,42886000
2021-09-14 00:00:00-04:00,19.21,23820100
2021-09-15 00:00:00-04:00,19.38,22989100
2021-09-16 00:00:00-04:00,19.89,33586200
2021-09-17 00:00:00-04:00,19.73,32602600
2021-09-20 00:00:00-04:00,20.33,43601300
2021-09-21 00:00:00-04:00,19.76,34050100
2021-09-22 00:00:00-04:00,20.52,39344300
2021-09-23 00:00:00-04:00,20.9,51636300
2021-09-24 00:00:00-04:00,21.39,39971700
2021-09-27 00:00:00-04:00,21.47,33190500
2021-09-28 00:00:00-04:00,21.43,26170200
2021-09-29 00:00:00-04:00,21.01,20467900
2021-09-30 00:00:00-04:00,20.52,24079400
2021-10-01 00:00:00-04:00,21.65,36430900
2021-10-04 00:00:00-04:00,21.39,28623400
2021-10-05 00:00:00-04:00,21.47,22580100
2021-10-06 00:00:00-04:00,20.54,37908500
2021-10-07 00:00:00-04:00,20.17,29167200
2021-10-08 00:00:00-04:00,20.07,21691000
2021-10-11 00:00:00-04:00,20.13,23646800
2021-10-12 00:00:00-04:00,20.29,18448400
2021-10-13 00:00:00-04:00,19.61,33328000
2021-10-14 00:00:00-04:00,19.64,21544600
2021-10-15 00:00:00-04:00,19.98,27259900
2021-10-18 00:00:00-04:00,19.84,20604400
2021-10-19 00:00:00-04:00,19.53,25758300
2021-10-20 00:00:00-04:00,19.52,31618100
2021-10-21 00:00:00-04:00,19.89,29224700
2021-10-22 00:00:00-04:00,19.15,36948200
2021-10-25 00:00:00-04:00,19.23,27977600
2021-10-26 00:00:00-04:00,19.39,31007900
2021-10-27 00:00:00-04:00,19.03,22215000
2021-10-28 00:00:00-04:00,19.19,26506900
2021-10-29 00:00:00-04:00,19.2,21679000
2021-11-01 00:00:00-04:00,19.77,32308500
2021-11-02 00:00:00-04:00,19.83,19979100
2021-11-03 00:00:00-04:00,20.63,35014100
2021-11-04 00:00:00-04:00,20.63,23940500
2021-11-05 00:00:00-04:00,21.82,58082500
2021-11-08 00:00:00-05:00,22.25,35774400
2021-11-09 00:00:00-05:00,22.26,22013200
2021-11-10 00:00:00-05:00,21.57,22330900
2021-11-11 00:00:00-05:00,21.33,18499300
2021-11-12 00:00:00-05:00,20.29,48375400
2021-11-15 00:00:00-05:00,20.32,20874000
2021-11-16 00:00:00-05:00,19.84,36075200
2021-11-17 00:00:00-05:00,19.86,17862800
2021-11-18 00:00:00-05:00,19.39,31051900
2021-11-19 00:00:00-05:00,19.28,31259800
2021-11-22 00:00:00-05:00,19.63,33220600
2021-11-23 00:00:00-05:00,19.47,30427300
2021-11-24 00:00:00-05:00,19.46,21323300
2021-11-26 00:00:00-05:00,17.75,84177500
2021-11-29 00:00:00-05:00,17.74,42940300
2021-11-30 00:00:00-05:00,17.69,49870100
2021-12-01 00:00:00-05:00,16.28,82030100
2021-12-02 00:00:00-05:00,17.42,58808900
2021-12-03 00:00:00-05:00,16.62,57884000
2021-12-06 00:00:00-05:00,17.93,74005500
2021-12-07 00:00:00-05:00,17.89,50249900
2021-12-08 00:00:00-05:00,18.23,46340600
2021-12-09 00:00:00-05:00,18.14,36027700
2021-12-10 00:00:00-05:00,18.01,28696100
2021-12-13 00:00:00-05:00,17.12,40783900
2021-12-14 00:00:00-05:00,16.91,30171300
2021-12-15 00:00:00-05:00,16.99,39939400
2021-12-16 00:00:00-05:00,16.52,31751200
2021-12-17 00:00:00-05:00,16.95,41330600
2021-12-20 00:00:00-05:00,17.3,44479100
2021-12-21 00:00:00-05:00,18.12,47592000
2021-12-22 00:00:00-05:00,18.26,29523000
2021-12-23 00:00:00-05:00,18.26,32321000
2021-12-27 00:00:00-05:00,18.17,28059300
2021-12-28 00:00:00-05:00,18.54,28263600
2021-12-29 00:00:00-05:00,18.05,22627000
2021-12-30 00:00:00-05:00,18.07,28158200
2021-12-31 00:00:00-05:00,17.96,20657000
2022-01-03 00:00:00-05:00,18.75,42781000
2022-01-04 00:00:00-05:00,19.02,29266600
2022-01-05 00:00:00-05:00,18.68,34447900
2022-01-06 00:00:00-05:00,18.57,19097700
2022-01-07 00:00:00-05:00,19.28,42399500
2022-01-10 00:00:00-05:00,18.79,25707700
2022-01-11 00:00:00-05:00,19.02,22531500
2022-01-12 00:00:00-05:00,18.5,41140900
2022-01-13 00:00:00-05:00,19.34,55911800
2022-01-14 00:00:00-05:00,18.49,44983100
2022-01-18 00:00:00-05:00,17.9,39736900
2022-01-19 00:00:00-05:00,17.31,36133100
2022-01-20 00:00:00-05:00,16.76,54892800
2022-01-21 00:00:00-05:00,16.3,52547500
2022-01-24 00:00:00-05:00,16.41,59941000
2022-01-25 00:00:00-05:00,16.46,42471600
2022-01-26 00:00:00-05:00,16.24,39331800
2022-01-27 00:00:00-05:00,15.78,43507400
2022-01-28 00:00:00-05:00,15.64,51662600
2022-01-31 00:00:00-05:00,16.47,35533500
2022-02-01 00:00:00-05:00,16.83,30798800
2022-02-02 00:00:00-05:00,16.96,37904200
2022-02-03 00:00:00-05:00,16.57,30642800
2022-02-04 00:00:00-05:00,16.45,38585200
2022-02-07 00:00:00-05:00,17.28,52927500
2022-02-08 00:00:00-05:00,18.26,46702500
2022-02-09 00:00:00-05:00,18.76,42407300
2022-02-10 00:00:00-05:00,18.71,36411800
2022-02-11 00:00:00-05:00,17.61,50338900
2022-02-14 00:00:00-05:00,17.43,37446600
2022-02-15 00:00:00-05:00,18.84,46447100
2022-02-16 00:00:00-05:00,18.82,30557500
2022-02-17 00:00:00-05:00,18.22,29950300
2022-02-18 00:00:00-05:00,17.87,30507500
2022-02-22 00:00:00-05:00,17.43,32432700
2022-02-23 00:00:00-05:00,16.64,35359100
2022-02-24 00:00:00-05:00,16.96,56881500
2022-02-25 00:00:00-05:00,17.46,43874100
2022-02-28 00:00:00-05:00,17.25,51465700
2022-03-01 00:00:00-05:00,16.29,50513700
2022-03-02 00:00:00-05:00,16.37,43654300
2022-03-03 00:00:00-05:00,15.71,47575100
2022-03-04 00:00:00-05:00,14.59,76212200
2022-03-07 00:00:00-05:00,12.84,89360300
2022-03-08 00:00:00-05:00,13.51,88067100
2022-03-09 00:00:00-05:00,14.3,88884200
2022-03-10 00:00:00-05:00,14.2,56571700
2022-03-11 00:00:00-05:00,14.02,48409500
2022-03-14 00:00:00-04:00,14.25,53284300
2022-03-15 00:00:00-04:00,15.57,76398400
2022-03-16 00:00:00-04:00,16.47,66907400
2022-03-17 00:00:00-04:00,16.55,41996300
2022-03-18 00:00:00-04:00,16.75,39040200
2022-03-21 00:00:00-04:00,16.09,45852600
2022-03-22 00:00:00-04:00,16.56,40143400
2022-03-23 00:00:00-04:00,16.21,31336000
2022-03-24 00:00:00-04:00,16.72,33894000
2022-03-25 00:00:00-04:00,17.01,39510300
2022-03-28 00:00:00-04:00,17.3,29985300
2022-03-29 00:00:00-04:00,18.16,58105500
2022-03-30 00:00:00-04:00,18.05,28866400
2022-03-31 00:00:00-04:00,18.25,33338200
2022-04-01 00:00:00-04:00,18.24,25182700
2022-04-04 00:00:00-04:00,18.23,23037400
2022-04-05 00:00:00-04:00,17.84,35187300
2022-04-06 00:00:00-04:00,17.38,40217800
2022-04-07 00:00:00-04:00,16.95,42285200
2022-04-08 00:00:00-04:00,16.59,22627700
2022-04-11 00:00:00-04:00,16.97,24886200
2022-04-12 00:00:00-04:00,17.13,31461600
2022-04-13 00:00:00-04:00,18.95,90231900
2022-04-14 00:00:00-04:00,19.0,43180700
2022-04-18 00:00:00-04:00,18.54,27478900
2022-04-19 00:00:00-04:00,19.59,41228000
2022-04-20 00:00:00-04:00,19.48,43515000
2022-04-21 00:00:00-04:00,20.22,84042900
2022-04-22 00:00:00-04:00,20.18,42141900
2022-04-25 00:00:00-04:00,19.98,37047800
2022-04-26 00:00:00-04:00,18.77,33555800
2022-04-27 00:00:00-04:00,18.97,31101300
2022-04-28 00:00:00-04:00,19.43,27601000
2022-04-29 00:00:00-04:00,18.77,24044900
2022-05-02 00:00:00-04:00,18.56,32639400
2022-05-03 00:00:00-04:00,19.13,30334200
2022-05-04 00:00:00-04:00,19.62,30759700
2022-05-05 00:00:00-04:00,18.54,32054500
2022-05-06 00:00:00-04:00,17.84,34360000
2022-05-09 00:00:00-04:00,16.32,37938900
2022-05-10 00:00:00-04:00,16.57,35775600
2022-05-11 00:00:00-04:00,15.97,34913300
2022-05-12 00:00:00-04:00,15.49,40155400
2022-05-13 00:00:00-04:00,16.58,31753100
2022-05-16 00:00:00-04:00,16.55,25223400
2022-05-17 00:00:00-04:00,17.82,28978500
2022-05-18 00:00:00-04:00,16.89,29441900
2022-05-19 00:00:00-04:00,16.75,28299800
2022-05-20 00:00:00-04:00,16.26,34090600
2022-05-23 00:00:00-04:00,16.75,24684500
2022-05-24 00:00:00-04:00,15.5,38817400
2022-05-25 00:00:00-04:00,16.13,31846900
2022-05-26 00:00:00-04:00,17.24,33955200
2022-05-27 00:00:00-04:00,18.13,27615600
2022-05-31 00:00:00-04:00,17.87,31158300
2022-06-01 00:00:00-04:00,17.29,32637900
2022-06-02 00:00:00-04:00,17.46,23337700
2022-06-03 00:00:00-04:00,16.22,46267600
2022-06-06 00:00:00-04:00,16.3,29567800
2022-06-07 00:00:00-04:00,16.69,29278100
2022-06-08 00:00:00-04:00,16.15,22558800
2022-06-09 00:00:00-04:00,15.47,31530200
2022-06-10 00:00:00-04:00,14.71,46180100
2022-06-13 00:00:00-04:00,13.32,55496100
2022-06-14 00:00:00-04:00,12.95,43628700
2022-06-15 00:00:00-04:00,13.31,49703400
2022-06-16 00:00:00-04:00,12.16,56545200
2022-06-17 00:00:00-04:00,12.94,52537800
2022-06-21 00:00:00-04:00,13.04,39780800
2022-06-22 00:00:00-04:00,13.1,34193500
2022-06-23 00:00:00-04:00,12.98,31067800
2022-06-24 00:00:00-04:00,13.9,41326600
2022-06-27 00:00:00-04:00,13.56,26086200
2022-06-28 00:00:00-04:00,13.5,36500500
2022-06-29 00:00:00-04:00,13.03,34351000
2022-06-30 00:00:00-04:00,12.68,37521400
2022-07-01 00:00:00-04:00,13.13,34110400
2022-07-05 00:00:00-04:00,13.88,43922100
2022-07-06 00:00:00-04:00,13.89,30792600
2022-07-07 00:00:00-04:00,14.1,33327700
2022-07-08 00:00:00-04:00,13.97,28114100
2022-07-11 00:00:00-04:00,13.43,25163100
2022-07-12 00:00:00-04:00,14.77,74980100
2022-07-13 00:00:00-04:00,14.31,45289800
2022-07-14 00:00:00-04:00,14.25,39441400
2022-07-15 00:00:00-04:00,14.47,30182000
2022-07-18 00:00:00-04:00,14.54,31995000
2022-07-19 00:00:00-04:00,15.16,30099600
2022-07-20 00:00:00-04:00,15.21,39746400
2022-07-21 00:00:00-04:00,14.08,64624900
2022-07-22 00:00:00-04:00,13.68,38345400
2022-07-25 00:00:00-04:00,13.75,28368500
2022-07-26 00:00:00-04:00,13.43,23978100
2022-07-27 00:00:00-04:00,13.97,36408900
2022-07-28 00:00:00-04:00,13.76,35834400
2022-07-29 00:00:00-04:00,13.71,26238200
2022-08-01 00:00:00-04:00,14.28,32730800
2022-08-02 00:00:00-04:00,14.06,27440000
2022-08-03 00:00:00-04:00,14.63,28366500
2022-08-04 00:00:00-04:00,14.86,27102900
2022-08-05 00:00:00-04:00,14.74,19503800
2022-08-08 00:00:00-04:00,15.02,23643500
2022-08-09 00:00:00-04:00,14.62,23706400
2022-08-10 00:00:00-04:00,15.07,32383200
2022-08-11 00:00:00-04:00,14.99,32357500
2022-08-12 00:00:00-04:00,15.25,21151000
2022-08-15 00:00:00-04:00,15.33,18364000
2022-08-16 00:00:00-04:00,15.5,23668500
2022-08-17 00:00:00-04:00,14.96,28352800
2022-08-18 00:00:00-04:00,14.84,19271200
2022-08-19 00:00:00-04:00,14.17,31593300
2022-08-22 00:00:00-04:00,13.71,25120700
2022-08-23 00:00:00-04:00,13.82,25500100
2022-08-24 00:00:00-04:00,13.99,17825100
2022-08-25 00:00:00-04:00,14.42,22167800
2022-08-26 00:00:00-04:00,13.74,23177500
2022-08-29 00:00:00-04:00,13.51,21391200
2022-08-30 00:00:00-04:00,13.33,25076800
2022-08-31 00:00:00-04:00,12.99,27923800
2022-09-01 00:00:00-04:00,12.93,29871200
2022-09-02 00:00:00-04:00,12.99,26922500
2022-09-06 00:00:00-04:00,13.22,27966400
2022-09-07 00:00:00-04:00,13.89,32867600
2022-09-08 00:00:00-04:00,13.96,26437600
2022-09-09 00:00:00-04:00,14.19,23927900
2022-09-12 00:00:00-04:00,14.47,27655300
2022-09-13 00:00:00-04:00,13.68,31432900
2022-09-14 00:00:00-04:00,14.03,30564000
2022-09-15 00:00:00-04:00,14.27,28334700
2022-09-16 00:00:00-04:00,13.75,27319000
2022-09-19 00:00:00-04:00,14.21,25403200
2022-09-20 00:00:00-04:00,13.97,31083400
2022-09-21 00:00:00-04:00,13.23,40988700
2022-09-22 00:00:00-04:00,12.71,44037600
2022-09-23 00:00:00-04:00,12.21,53874900
2022-09-26 00:00:00-04:00,11.86,38155600
2022-09-27 00:00:00-04:00,12.27,44010500
2022-09-28 00:00:00-04:00,12.75,34069300
2022-09-29 00:00:00-04:00,12.25,34402800
2022-09-30 00:00:00-04:00,12.04,30111400
2022-10-03 00:00:00-04:00,11.92,41156700
2022-10-04 00:00:00-04:00,12.95,47616000
2022-10-05 00:00:00-04:00,12.87,28172500
2022-10-06 00:00:00-04:00,12.73,31569300
2022-10-07 00:00:00-04:00,12.18,37297700
2022-10-10 00:00:00-04:00,12.05,29602600
2022-10-11 00:00:00-04:00,12.26,64438100
2022-10-12 00:00:00-04:00,12.7,40359200
2022-10-13 00:00:00-04:00,13.05,53206100
2022-10-14 00:00:00-04:00,13.11,34831700
2022-10-17 00:00:00-04:00,13.2,39973800
2022-10-18 00:00:00-04:00,13.7,38762400
2022-10-19 00:00:00-04:00,13.99,55466400
2022-10-20 00:00:00-04:00,13.46,58239700
2022-10-21 00:00:00-04:00,13.71,36760000
2022-10-24 00:00:00-04:00,14.1,32811000
2022-10-25 00:00:00-04:00,14.29,27677200
2022-10-26 00:00:00-04:00,14.0,28273700
2022-10-27 00:00:00-04:00,13.97,25575200
2022-10-28 00:00:00-04:00,14.0,26410600
2022-10-31 00:00:00-04:00,14.18,26486700
2022-11-01 00:00:00-04:00,14.11,25606900
2022-11-02 00:00:00-04:00,13.58,34816100
2022-11-03 00:00:00-04:00,13.73,25312300
2022-11-04 00:00:00-04:00,14.11,28238500
2022-11-07 00:00:00-05:00,14.32,23797300
2022-11-08 00:00:00-05:00,14.25,25415700
2022-11-09 00:00:00-05:00,13.98,21047200
2022-11-10 00:00:00-05:00,14.93,35599100
2022-11-11 00:00:00-05:00,14.88,24134000
2022-11-14 00:00:00-05:00,14.68,26266600
2022-11-15 00:00:00-05:00,14.61,29423100
2022-11-16 00:00:00-05:00,14.09,28858000
2022-11-17 00:00:00-05:00,13.95,24041700
2022-11-18 00:00:00-05:00,14.05,25968300
2022-11-21 00:00:00-05:00,13.85,25708400
2022-11-22 00:00:00-05:00,13.98,26387000
2022-11-23 00:00:00-05:00,14.42,23686400
2022-11-25 00:00:00-05:00,14.5,9903900
2022-11-28 00:00:00-05:00,13.83,21313800
2022-11-29 00:00:00-05:00,14.14,17335300
2022-11-30 00:00:00-05:00,14.43,21241800
2022-12-01 00:00:00-05:00,13.98,26519600
2022-12-02 00:00:00-05:00,13.97,24124300
2022-12-05 00:00:00-05:00,14.11,27029000
2022-12-06 00:00:00-05:00,14.33,20781500
2022-12-07 00:00:00-05:00,13.55,28161400
2022-12-08 00:00:00-05:00,13.6,25300900
2022-12-09 00:00:00-05:00,13.53,18535400
2022-12-12 00:00:00-05:00,14.2,23344600
2022-12-13 00:00:00-05:00,13.46,51620100
2022-12-14 00:00:00-05:00,13.35,33728900
2022-12-15 00:00:00-05:00,12.93,26158300
2022-12-16 00:00:00-05:00,12.81,26395000
2022-12-19 00:00:00-05:00,12.48,21884000
2022-12-20 00:00:00-05:00,12.53,20354200
2022-12-21 00:00:00-05:00,13.03,29778900
2022-12-22 00:00:00-05:00,12.56,25372900
2022-12-23 00:00:00-05:00,12.71,17181200
2022-12-27 00:00:00-05:00,12.53,18878200
2022-12-28 00:00:00-05:00,12.32,20470400
2022-12-29 00:00:00-05:00,12.7,19706300
2022-12-30 00:00:00-05:00,12.72,19002800
2023-01-03 00:00:00-05:00,12.74,21865100
2023-01-04 00:00:00-05:00,13.59,34359100
2023-01-05 00:00:00-05:00,13.99,27378000
2023-01-06 00:00:00-05:00,14.18,29546400
2023-01-09 00:00:00-05:00,14.61,31496900
2023-01-10 00:00:00-05:00,15.19,31109900
2023-01-11 00:00:00-05:00,15.34,28664300
2023-01-12 00:00:00-05:00,16.83,96441800
2023-01-13 00:00:00-05:00,17.02,50828000
2023-01-17 00:00:00-05:00,17.08,32875700
2023-01-18 00:00:00-05:00,16.64,42352600
2023-01-19 00:00:00-05:00,16.28,32630200
2023-01-20 00:00:00-05:00,16.34,22487700
2023-01-23 00:00:00-05:00,16.17,23408500
2023-01-24 00:00:00-05:00,16.02,21641500
2023-01-25 00:00:00-05:00,16.26,34131000
2023-01-26 00:00:00-05:00,16.61,47488900
2023-01-27 00:00:00-05:00,16.43,26257000
2023-01-30 00:00:00-05:00,15.96,23586000
2023-01-31 00:00:00-05:00,16.14,19866900
2023-02-01 00:00:00-05:00,16.69,26925300
2023-02-02 00:00:00-05:00,17.06,31552200
2023-02-03 00:00:00-05:00,17.02,22108200
2023-02-06 00:00:00-05:00,16.92,19340800
2023-02-07 00:00:00-05:00,16.96,19053400
2023-02-08 00:00:00-05:00,16.97,20774200
2023-02-09 00:00:00-05:00,16.66,17558700
2023-02-10 00:00:00-05:00,16.28,14210100
2023-02-13 00:00:00-05:00,16.51,15649900
2023-02-14 00:00:00-05:00,16.79,17467900
2023-02-15 00:00:00-05:00,16.8,12457100
2023-02-16 00:00:00-05:00,16.39,15054700
2023-02-17 00:00:00-05:00,16.36,21921300
2023-02-21 00:00:00-05:00,15.69,24449000
2023-02-22 00:00:00-05:00,15.56,22273800
2023-02-23 00:00:00-05:00,15.87,25607100
2023-02-24 00:00:00-05:00,15.56,20471800
2023-02-27 00:00:00-05:00,15.63,15494300
2023-02-28 00:00:00-05:00,15.98,15597800
2023-03-01 00:00:00-05:00,16.03,11730500
2023-03-02 00:00:00-05:00,16.12,11728300
2023-03-03 00:00:00-05:00,16.36,14389500
2023-03-06 00:00:00-05:00,16.12,13504800
2023-03-07 00:00:00-05:00,16.36,17951300
2023-03-08 00:00:00-05:00,16.59,11399600
2023-03-09 00:00:00-05:00,15.88,18505000
2023-03-10 00:00:00-05:00,15.46,27280200
2023-03-13 00:00:00-04:00,14.85,32541700
2023-03-14 00:00:00-04:00,14.66,35258900
2023-03-15 00:00:00-04:00,13.86,41843700
2023-03-16 00:00:00-04:00,14.12,24557900
2023-03-17 00:00:00-04:00,13.98,31268800
2023-03-20 00:00:00-04:00,13.96,28076200
2023-03-21 00:00:00-04:00,14.37,17788600
2023-03-22 00:00:00-04:00,13.82,21378100
2023-03-23 00:00:00-04:00,13.63,25033400
2023-03-24 00:00:00-04:00,13.72,19871300
2023-03-27 00:00:00-04:00,13.94,17126700
2023-03-28 00:00:00-04:00,13.98,11553000
2023-03-29 00:00:00-04:00,14.35,15907000
2023-03-30 00:00:00-04:00,14.47,13673500
2023-03-31 00:00:00-04:00,14.75,12348700
2023-04-03 00:00:00-04:00,14.42,14317400
2023-04-04 00:00:00-04:00,14.16,16124100
2023-04-05 00:00:00-04:00,13.89,19213300
2023-04-06 00:00:00-04:00,14.01,14067000
2023-04-10 00:00:00-04:00,14.15,18832300
2023-04-11 00:00:00-04:00,14.32,17518200
2023-04-12 00:00:00-04:00,13.0,96958800
2023-04-13 00:00:00-04:00,12.95,47388900
2023-04-14 00:00:00-04:00,12.79,27538600
2023-04-17 00:00:00-04:00,13.1,26307900
2023-04-18 00:00:00-04:00,13.29,24684700
2023-04-19 00:00:00-04:00,13.63,31596500
2023-04-20 00:00:00-04:00,13.32,24240100
2023-04-21 00:00:00-04:00,13.4,16548000
2023-04-24 00:00:00-04:00,13.32,25019800
2023-04-25 00:00:00-04:00,12.84,33615600
2023-04-26 00:00:00-04:00,12.74,33435200
2023-04-27 00:00:00-04:00,12.88,48368000
2023-04-28 00:00:00-04:00,13.64,45057400
2023-05-01 00:00:00-04:00,13.89,29101800
2023-05-02 00:00:00-04:00,13.77,22469800
2023-05-03 00:00:00-04:00,13.79,20844800
2023-05-04 00:00:00-04:00,13.51,22983700
2023-05-05 00:00:00-04:00,13.87,20608900
2023-05-08 00:00:00-04:00,14.36,34586900
2023-05-09 00:00:00-04:00,14.47,19682700
2023-05-10 00:00:00-04:00,14.34,21469100
2023-05-11 00:00:00-04:00,14.07,17049600
2023-05-12 00:00:00-04:00,14.02,16707500
2023-05-15 00:00:00-04:00,14.28,14994100
2023-05-16 00:00:00-04:00,14.2,20303200
2023-05-17 00:00:00-04:00,14.91,34905500
2023-05-18 00:00:00-04:00,15.05,21604500
2023-05-19 00:00:00-04:00,14.82,17870900
2023-05-22 00:00:00-04:00,14.38,28517200
2023-05-23 00:00:00-04:00,14.07,28899400
2023-05-24 00:00:00-04:00,13.8,30501800
2023-05-25 00:00:00-04:00,14.38,29719900
2023-05-26 00:00:00-04:00,14.35,17083800
2023-05-30 00:00:00-04:00,14.62,20424600
2023-05-31 00:00:00-04:00,14.78,31783200
2023-06-01 00:00:00-04:00,14.7,21239100
2023-06-02 00:00:00-04:00,14.87,31041300
2023-06-05 00:00:00-04:00,14.81,15399300
2023-06-06 00:00:00-04:00,14.93,15840000
2023-06-07 00:00:00-04:00,15.16,19871400
2023-06-08 00:00:00-04:00,15.3,21698100
2023-06-09 00:00:00-04:00,15.57,21126900
2023-06-12 00:00:00-04:00,16.02,28381900
2023-06-13 00:00:00-04:00,16.31,21911600
2023-06-14 00:00:00-04:00,16.59,22866000
2023-06-15 00:00:00-04:00,16.65,17235100
2023-06-16 00:00:00-04:00,16.48,22635600
2023-06-20 00:00:00-04:00,16.32,17926100
2023-06-21 00:00:00-04:00,16.3,18543400
2023-06-22 00:00:00-04:00,16.36,12694200
2023-06-23 00:00:00-04:00,16.26,24406900
2023-06-26 00:00:00-04:00,16.44,19715400
2023-06-27 00:00:00-04:00,17.35,42031500
2023-06-28 00:00:00-04:00,17.55,26466300
2023-06-29 00:00:00-04:00,17.6,20315700
2023-06-30 00:00:00-04:00,17.94,18597900
2023-07-03 00:00:00-04:00,18.1,12883700
2023-07-05 00:00:00-04:00,18.32,19351500
2023-07-06 00:00:00-04:00,17.88,25768000
2023-07-07 00:00:00-04:00,18.35,21936300
2023-07-10 00:00:00-04:00,18.57,21371900
2023-07-11 00:00:00-04:00,18.8,23613200
2023-07-12 00:00:00-04:00,18.57,23388600
2023-07-13 00:00:00-04:00,18.45,30683600
2023-07-14 00:00:00-04:00,18.14,23241100
2023-07-17 00:00:00-04:00,18.18,14825400
2023-07-18 00:00:00-04:00,18.68,16839500
2023-07-19 00:00:00-04:00,18.6,20416100
2023-07-20 00:00:00-04:00,17.44,54010900
2023-07-21 00:00:00-04:00,17.42,28594500
2023-07-24 00:00:00-04:00,16.88,28457900
2023-07-25 00:00:00-04:00,16.65,40053800
2023-07-26 00:00:00-04:00,16.76,21833000
2023-07-27 00:00:00-04:00,16.57,24395800
2023-07-28 00:00:00-04:00,16.79,18588400
2023-07-31 00:00:00-04:00,16.75,21646200
2023-08-01 00:00:00-04:00,16.23,31342400
2023-08-02 00:00:00-04:00,15.95,29884600
2023-08-03 00:00:00-04:00,15.98,40463900
2023-08-04 00:00:00-04:00,15.84,23503400
2023-08-07 00:00:00-04:00,15.99,22485700
2023-08-08 00:00:00-04:00,16.18,25107600
2023-08-09 00:00:00-04:00,15.76,18744600
2023-08-10 00:00:00-04:00,15.76,19104200
2023-08-11 00:00:00-04:00,15.65,16049800
2023-08-14 00:00:00-04:00,15.88,23646600
2023-08-15 00:00:00-04:00,15.55,20041500
2023-08-16 00:00:00-04:00,15.44,20012000
2023-08-17 00:00:00-04:00,15.05,22240800
2023-08-18 00:00:00-04:00,15.04,20774600
2023-08-21 00:00:00-04:00,15.16,23656300
2023-08-22 00:00:00-04:00,14.83,25084500
2023-08-23 00:00:00-04:00,14.78,18599700
2023-08-24 00:00:00-04:00,14.57,23360500
2023-08-25 00:00:00-04:00,14.58,15560800
2023-08-28 00:00:00-04:00,14.73,19455200
2023-08-29 00:00:00-04:00,14.9,22186400
2023-08-30 00:00:00-04:00,14.77,19981100
2023-08-31 00:00:00-04:00,14.73,13994500
2023-09-01 00:00:00-04:00,14.68,14713500
2023-09-05 00:00:00-04:00,14.3,25690400
2023-09-06 00:00:00-04:00,14.33,25490000
2023-09-07 00:00:00-04:00,14.0,24678300
2023-09-08 00:00:00-04:00,13.98,17141500
2023-09-11 00:00:00-04:00,14.09,20957900
2023-09-12 00:00:00-04:00,14.11,20755000
2023-09-13 00:00:00-04:00,13.31,58836000
2023-09-14 00:00:00-04:00,13.26,31461300
2023-09-15 00:00:00-04:00,13.31,24956700
2023-09-18 00:00:00-04:00,13.11,21613900
2023-09-19 00:00:00-04:00,13.19,25325000
2023-09-20 00:00:00-04:00,13.06,27822800
2023-09-21 00:00:00-04:00,13.06,24911700
2023-09-22 00:00:00-04:00,12.9,24670900
2023-09-25 00:00:00-04:00,12.91,24618800
2023-09-26 00:00:00-04:00,12.7,25467700
2023-09-27 00:00:00-04:00,12.61,29983300
2023-09-28 00:00:00-04:00,12.92,35234200
2023-09-29 00:00:00-04:00,12.81,33956200
2023-10-02 00:00:00-04:00,12.75,38342700
2023-10-03 00:00:00-04:00,12.29,40692300
2023-10-04 00:00:00-04:00,12.73,49738100
2023-10-05 00:00:00-04:00,12.85,36272900
2023-10-06 00:00:00-04:00,12.76,31822200
2023-10-09 00:00:00-04:00,12.24,51462700
2023-10-10 00:00:00-04:00,12.26,37144200
2023-10-11 00:00:00-04:00,12.48,35569100
2023-10-12 00:00:00-04:00,12.06,50281200
2023-10-13 00:00:00-04:00,11.72,48056300
2023-10-16 00:00:00-04:00,11.94,35242600
2023-10-17 00:00:00-04:00,11.94,35207300
2023-10-18 00:00:00-04:00,11.36,67141500
2023-10-19 00:00:00-04:00,11.45,63900500
2023-10-20 00:00:00-04:00,11.08,49956600
2023-10-23 00:00:00-04:00,11.29,45680300
2023-10-24 00:00:00-04:00,11.21,39302800
2023-10-25 00:00:00-04:00,11.04,40461800
2023-10-26 00:00:00-04:00,11.15,40009500
2023-10-27 00:00:00-04:00,10.92,39890700
2023-10-30 00:00:00-04:00,11.18,38208500
2023-10-31 00:00:00-04:00,11.15,42086200
2023-11-01 00:00:00-04:00,11.14,30449500
2023-11-02 00:00:00-04:00,11.4,29763600
2023-11-03 00:00:00-04:00,11.98,52897300
2023-11-06 00:00:00-05:00,11.66,33159500
2023-11-07 00:00:00-05:00,11.75,27819600
2023-11-08 00:00:00-05:00,12.01,40867800
2023-11-09 00:00:00-05:00,11.75,37774500
2023-11-10 00:00:00-05:00,11.8,31056200
2023-11-13 00:00:00-05:00,11.78,20147700
2023-11-14 00:00:00-05:00,12.25,35529800
2023-11-15 00:00:00-05:00,12.42,37557800
2023-11-16 00:00:00-05:00,12.19,34506600
2023-11-17 00:00:00-05:00,12.29,25699200
2023-11-20 00:00:00-05:00,12.4,23878800
2023-11-21 00:00:00-05:00,12.13,24497700
2023-11-22 00:00:00-05:00,12.31,40937600
2023-11-24 00:00:00-05:00,12.31,14803800
2023-11-27 00:00:00-05:00,12.18,27427600
2023-11-28 00:00:00-05:00,12.17,33964600
2023-11-29 00:00:00-05:00,12.23,31763200
2023-11-30 00:00:00-05:00,12.43,34595600
2023-12-01 00:00:00-05:00,13.02,48841500
2023-12-04 00:00:00-05:00,13.35,50756400
2023-12-05 00:00:00-05:00,13.13,40142400
2023-12-06 00:00:00-05:00,13.48,51354300
2023-12-07 00:00:00-05:00,13.91,49511700
2023-12-08 00:00:00-05:00,13.76,30175300
2023-12-11 00:00:00-05:00,13.72,28383700
2023-12-12 00:00:00-05:00,14.04,34298800
2023-12-13 00:00:00-05:00,14.09,39046300
2023-12-14 00:00:00-05:00,14.59,42803900
2023-12-15 00:00:00-05:00,14.49,34725700
2023-12-18 00:00:00-05:00,14.24,28471700
2023-12-19 00:00:00-05:00,14.3,22574300
2023-12-20 00:00:00-05:00,13.98,26557500
2023-12-21 00:00:00-05:00,14.35,30372600
2023-12-22 00:00:00-05:00,14.31,25169900
2023-12-26 00:00:00-05:00,14.11,22157900
2023-12-27 00:00:00-05:00,13.99,23428500
2023-12-28 00:00:00-05:00,13.98,17093400
2023-12-29 00:00:00-05:00,13.74,24242000
2024-01-02 00:00:00-05:00,13.44,34607500
2024-01-03 00:00:00-05:00,12.95,41757700
2024-01-04 00:00:00-05:00,13.09,29105800
2024-01-05 00:00:00-05:00,13.6,37511200
2024-01-08 00:00:00-05:00,14.58,61134100
2024-01-09 00:00:00-05:00,14.38,35790700
2024-01-10 00:00:00-05:00,14.35,29831200
2024-01-11 00:00:00-05:00,14.59,33047700
2024-01-12 00:00:00-05:00,13.21,80445800
2024-01-16 00:00:00-05:00,13.19,55891500
2024-01-17 00:00:00-05:00,12.93,36991500
2024-01-18 00:00:00-05:00,13.82,58528200
2024-01-19 00:00:00-05:00,13.66,38757300
2024-01-22 00:00:00-05:00,13.62,38029500
2024-01-23 00:00:00-05:00,14.0,49961900
2024-01-24 00:00:00-05:00,13.93,42219600
2024-01-25 00:00:00-05:00,15.36,96168300
2024-01-26 00:00:00-05:00,15.13,45618600
2024-01-29 00:00:00-05:00,14.94,36835300
2024-01-30 00:00:00-05:00,14.53,24943100
2024-01-31 00:00:00-05:00,14.23,31538800
2024-02-01 00:00:00-05:00,14.34,39247200
2024-02-02 00:00:00-05:00,14.56,33128600
2024-02-05 00:00:00-05:00,14.26,25289600
2024-02-06 00:00:00-05:00,14.9,33592500
2024-02-07 00:00:00-05:00,14.91,31178200
2024-02-08 00:00:00-05:00,14.95,28024300
2024-02-09 00:00:00-05:00,14.88,26960700
2024-02-12 00:00:00-05:00,14.93,27722300
2024-02-13 00:00:00-05:00,14.61,35285700
2024-02-14 00:00:00-05:00,14.86,28226900
2024-02-15 00:00:00-05:00,14.9,25314600
2024-02-16 00:00:00-05:00,14.64,21535200
2024-02-20 00:00:00-05:00,14.7,30253100
2024-02-21 00:00:00-05:00,14.79,23032400
2024-02-22 00:00:00-05:00,15.24,35702500
2024-02-23 00:00:00-05:00,15.13,22914900
2024-02-26 00:00:00-05:00,15.28,23675800
2024-02-27 00:00:00-05:00,15.54,25223400
2024-02-28 00:00:00-05:00,15.46,18194600
2024-02-29 00:00:00-05:00,15.68,33255900
2024-03-01 00:00:00-05:00,15.66,25740800
2024-03-04 00:00:00-05:00,14.81,65053000
2024-03-05 00:00:00-05:00,14.67,43648000
2024-03-06 00:00:00-05:00,14.88,31408700
2024-03-07 00:00:00-05:00,14.9,23657300
2024-03-08 00:00:00-05:00,14.68,28441000
2024-03-11 00:00:00-04:00,14.65,23617200
2024-03-12 00:00:00-04:00,13.96,48594900
2024-03-13 00:00:00-04:00,14.0,26375200
2024-03-14 00:00:00-04:00,13.99,24683800
2024-03-15 00:00:00-04:00,13.96,21095400
2024-03-18 00:00:00-04:00,14.11,23693800
2024-03-19 00:00:00-04:00,13.93,19305800
2024-03-20 00:00:00-04:00,14.57,33974600
2024-03-21 00:00:00-04:00,14.78,25527600
2024-03-22 00:00:00-04:00,14.82,16146800
2024-03-25 00:00:00-04:00,14.92,21392400
2024-03-26 00:00:00-04:00,14.92,20898500
2024-03-27 00:00:00-04:00,15.3,24789300
2024-03-28 00:00:00-04:00,15.35,36396000
2024-04-01 00:00:00-04:00,15.41,23249600
2024-04-02 00:00:00-04:00,14.4,34155400
2024-04-03 00:00:00-04:00,14.16,33357700
2024-04-04 00:00:00-04:00,13.83,47483600
2024-04-05 00:00:00-04:00,13.76,30612400
2024-04-08 00:00:00-04:00,13.9,28521000
2024-04-09 00:00:00-04:00,13.95,27841900
2024-04-10 00:00:00-04:00,13.41,49024100
2024-04-11 00:00:00-04:00,13.62,27814200
2024-04-12 00:00:00-04:00,13.15,35529200
2024-04-15 00:00:00-04:00,12.94,27451700
2024-04-16 00:00:00-04:00,13.03,26477200
2024-04-17 00:00:00-04:00,13.89,52414800
2024-04-18 00:00:00-04:00,14.02,34966400
2024-04-19 00:00:00-04:00,14.11,27421700
2024-04-22 00:00:00-04:00,14.53,27763800
2024-04-23 00:00:00-04:00,14.23,40237300
2024-04-24 00:00:00-04:00,13.92,41035100
2024-04-25 00:00:00-04:00,14.13,58363000
2024-04-26 00:00:00-04:00,13.88,36527800
2024-04-29 00:00:00-04:00,13.98,28817400
2024-04-30 00:00:00-04:00,13.51,25788900
2024-05-01 00:00:00-04:00,13.58,28428300
2024-05-02 00:00:00-04:00,13.86,24191500
2024-05-03 00:00:00-04:00,13.85,22056600
2024-05-06 00:00:00-04:00,14.65,46744300
2024-05-07 00:00:00-04:00,14.25,25770500
2024-05-08 00:00:00-04:00,14.42,22832400
2024-05-09 00:00:00-04:00,14.48,23590200
2024-05-10 00:00:00-04:00,14.4,16180700
2024-05-13 00:00:00-04:00,14.93,33380100
2024-05-14 00:00:00-04:00,15.19,27970400
2024-05-15 00:00:00-04:00,14.94,25983600
2024-05-16 00:00:00-04:00,14.79,22652500
2024-05-17 00:00:00-04:00,14.73,18472100
2024-05-20 00:00:00-04:00,14.52,26818800
2024-05-21 00:00:00-04:00,14.03,22692900
2024-05-22 00:00:00-04:00,14.1,19136400
2024-05-23 00:00:00-04:00,13.82,29089800
2024-05-24 00:00:00-04:00,13.84,19589300
2024-05-28 00:00:00-04:00,13.44,32710300
2024-05-29 00:00:00-04:00,11.62,158980400
2024-05-30 00:00:00-04:00,11.44,57004600
2024-05-31 00:00:00-04:00,11.5,60868400
2024-06-03 00:00:00-04:00,11.53,52899000
2024-06-04 00:00:00-04:00,11.5,39161500
2024-06-05 00:00:00-04:00,11.62,34340900
2024-06-06 00:00:00-04:00,11.43,35840600
2024-06-07 00:00:00-04:00,11.5,29411400
2024-06-10 00:00:00-04:00,11.49,23421000
2024-06-11 00:00:00-04:00,11.28,25439700
2024-06-12 00:00:00-04:00,11.5,40769700
2024-06-13 00:00:00-04:00,11.44,33290000
2024-06-14 00:00:00-04:00,11.28,42272500
2024-06-17 00:00:00-04:00,11.44,30074100
2024-06-18 00:00:00-04:00,11.28,18841500
2024-06-20 00:00:00-04:00,11.24,21364400
2024-06-21 00:00:00-04:00,11.2,28098100
2024-06-24 00:00:00-04:00,11.16,25666400
2024-06-25 00:00:00-04:00,11.13,28547300
2024-06-26 00:00:00-04:00,11.12,39848700
2024-06-27 00:00:00-04:00,11.28,23780800
2024-06-28 00:00:00-04:00,11.33,28121100
2024-07-01 00:00:00-04:00,11.04,28624300
2024-07-02 00:00:00-04:00,11.05,22487900
2024-07-03 00:00:00-04:00,11.12,16150100
2024-07-05 00:00:00-04:00,11.04,24396000
2024-07-08 00:00:00-04:00,10.93,32261700
2024-07-09 00:00:00-04:00,10.98,26579300
2024-07-10 00:00:00-04:00,11.15,28502000
2024-07-11 00:00:00-04:00,10.73,80291500
2024-07-12 00:00:00-04:00,10.68,33133100
2024-07-15 00:00:00-04:00,10.63,28634200
2024-07-16 00:00:00-04:00,11.19,48708700
2024-07-17 00:00:00-04:00,11.01,32356200
2024-07-18 00:00:00-04:00,10.62,46855200
2024-07-19 00:00:00-04:00,10.58,25697300
2024-07-22 00:00:00-04:00,10.69,38897200
2024-07-23 00:00:00-04:00,10.48,30548000
2024-07-24 00:00:00-04:00,10.17,47312000
2024-07-25 00:00:00-04:00,10.6,96280800
2024-07-26 00:00:00-04:00,10.62,45684500
2024-07-29 00:00:00-04:00,10.43,30164500
2024-07-30 00:00:00-04:00,10.76,52969500
2024-07-31 00:00:00-04:00,10.64,39205400
2024-08-01 00:00:00-04:00,10.14,47149600
2024-08-02 00:00:00-04:00,9.63,48427200
2024-08-05 00:00:00-04:00,9.28,44554500
2024-08-06 00:00:00-04:00,9.31,28905900
2024-08-07 00:00:00-04:00,9.26,29020900
2024-08-08 00:00:00-04:00,9.89,34701800
2024-08-09 00:00:00-04:00,9.86,22614800
2024-08-12 00:00:00-04:00,9.61,29791200
2024-08-13 00:00:00-04:00,9.81,29921900
2024-08-14 00:00:00-04:00,9.74,29574700
2024-08-15 00:00:00-04:00,10.09,32307300
2024-08-16 00:00:00-04:00,10.05,35389700
2024-08-19 00:00:00-04:00,10.31,30380100
2024-08-20 00:00:00-04:00,10.29,23537400
2024-08-21 00:00:00-04:00,10.4,20233700
2024-08-22 00:00:00-04:00,10.14,25624700
2024-08-23 00:00:00-04:00,10.39,24640000
2024-08-26 00:00:00-04:00,10.21,21028300
2024-08-27 00:00:00-04:00,10.17,23303100
2024-08-28 00:00:00-04:00,10.15,20533800
2024-08-29 00:00:00-04:00,10.39,22240100
2024-08-30 00:00:00-04:00,10.62,26521400
2024-09-03 00:00:00-04:00,10.6,23374800
2024-09-04 00:00:00-04:00,10.63,22113000
2024-09-05 00:00:00-04:00,10.8,38467300
2024-09-06 00:00:00-04:00,10.8,27842800
2024-09-09 00:00:00-04:00,11.22,44496200
2024-09-10 00:00:00-04:00,10.99,31767700
2024-09-11 00:00:00-04:00,10.77,40526800
2024-09-12 00:00:00-04:00,10.88,37878400
2024-09-13 00:00:00-04:00,10.69,36956000
2024-09-16 00:00:00-04:00,10.81,31026800
2024-09-17 00:00:00-04:00,11.17,38180000
2024-09-18 00:00:00-04:00,11.03,37396500
2024-09-19 00:00:00-04:00,11.11,34544400
2024-09-20 00:00:00-04:00,11.01,165832100
2024-09-23 00:00:00-04:00,10.98,30785100
2024-09-24 00:00:00-04:00,11.04,29446500
2024-09-25 00:00:00-04:00,11.0,29157100
2024-09-26 00:00:00-04:00,11.79,62353500
2024-09-27 00:00:00-04:00,11.56,30783800
2024-09-30 00:00:00-04:00,11.24,26661600
2024-10-01 00:00:00-04:00,10.9,42847400
2024-10-02 00:00:00-04:00,10.74,28779600
2024-10-03 00:00:00-04:00,10.82,32925600
2024-10-04 00:00:00-04:00,11.51,53708000
2024-10-07 00:00:00-04:00,11.53,27611000
2024-10-08 00:00:00-04:00,11.92,44740000
2024-10-09 00:00:00-04:00,11.93,34210700
2024-10-10 00:00:00-04:00,11.76,26494600
2024-10-11 00:00:00-04:00,11.79,17698000
2024-10-14 00:00:00-04:00,11.87,20610500
2024-10-15 00:00:00-04:00,12.03,36494700
2024-10-16 00:00:00-04:00,12.89,53137600
2024-10-17 00:00:00-04:00,12.81,30152400
2024-10-18 00:00:00-04:00,13.09,38307300
2024-10-21 00:00:00-04:00,12.97,27952600
2024-10-22 00:00:00-04:00,12.96,24163100
2024-10-23 00:00:00-04:00,12.83,30252700
2024-10-24 00:00:00-04:00,12.78,65532900
2024-10-25 00:00:00-04:00,13.15,44350800
2024-10-28 00:00:00-04:00,13.6,37079200
2024-10-29 00:00:00-04:00,13.82,28711500
2024-10-30 00:00:00-04:00,13.94,22463500
2024-10-31 00:00:00-04:00,13.4,26340900
2024-11-01 00:00:00-04:00,13.54,22838300
2024-11-04 00:00:00-05:00,12.99,25654100
2024-11-05 00:00:00-05:00,13.19,19112800
2024-11-06 00:00:00-05:00,14.0,38602600
2024-11-07 00:00:00-05:00,13.62,19654600
2024-11-08 00:00:00-05:00,13.81,20259200
2024-11-11 00:00:00-05:00,14.16,22833300
2024-11-12 00:00:00-05:00,13.91,20437600
2024-11-13 00:00:00-05:00,14.01,30234700
2024-11-14 00:00:00-05:00,14.26,33149200
2024-11-15 00:00:00-05:00,14.39,22756500
2024-11-18 00:00:00-05:00,14.29,18771100
2024-11-19 00:00:00-05:00,14.33,25329900
2024-11-20 00:00:00-05:00,14.46,25407100
2024-11-21 00:00:00-05:00,14.2,20758600
2024-11-22 00:00:00-05:00,14.38,20237000
2024-11-25 00:00:00-05:00,14.92,31551800
2024-11-26 00:00:00-05:00,14.64,21625300
2024-11-27 00:00:00-05:00,14.64,14433900
2024-11-29 00:00:00-05:00,14.52,9503500
2024-12-02 00:00:00-05:00,14.61,18780400
2024-12-03 00:00:00-05:00,14.47,16129000
2024-12-04 00:00:00-05:00,14.88,18414700
2024-12-05 00:00:00-05:00,17.38,110116900
2024-12-06 00:00:00-05:00,17.4,43091800
2024-12-09 00:00:00-05:00,17.16,29733000
2024-12-10 00:00:00-05:00,17.49,34174800
2024-12-11 00:00:00-05:00,17.58,20711800
2024-12-12 00:00:00-05:00,17.24,17692200
2024-12-13 00:00:00-05:00,16.92,20174300
2024-12-16 00:00:00-05:00,16.52,15741000
2024-12-17 00:00:00-05:00,16.72,23622000
2024-12-18 00:00:00-05:00,16.47,25019500
2024-12-19 00:00:00-05:00,16.64,17832700
2024-12-20 00:00:00-05:00,16.88,28664900
2024-12-23 00:00:00-05:00,17.25,15777200
2024-12-24 00:00:00-05:00,17.35,14234300
2024-12-26 00:00:00-05:00,17.35,10378900
2024-12-27 00:00:00-05:00,17.35,29500500
2024-12-30 00:00:00-05:00,17.62,20436400
2024-12-31 00:00:00-05:00,17.43,12704600
